slno,gx,gy,gz,ax,ay,az
1,-2.854961832,3.030534351,10.92366412,-0.9523925781,-0.8728027344,0.1535644531
2,-3.65648855,-11.53435115,7.038167939,0.1376953125,0.0078125,0.08911132813
3,1.526717557,1.511450382,0.6030534351,0.109375,-1.375,-1.187988281
4,-0.4885496183,16.80152672,-23.00763359,-0.05541992188,-0.6811523438,-0.004150390625
5,-2.79389313,-2.160305344,-48.39694656,-0.556640625,-0.1340332031,0.1628417969
6,2.961832061,1.847328244,-0.6641221374,-1.382324219,-1.951416016,0.3056640625
7,-0.3129770992,0.4580152672,2.832061069,-0.8332519531,0.00048828125,-0.2561035156
8,-3.366412214,2.022900763,2.519083969,-0.255859375,-0.7856445313,0.6342773438
9,-5.290076336,-4.870229008,6.351145038,-1.288574219,2,0.1396484375
10,0.1526717557,4.717557252,-7.763358779,0.2416992188,-0.09643554688,-0.1286621094
11,-1.099236641,-11.55725191,-5.549618321,-0.1586914063,-0.8110351563,0.2868652344
12,-11.51908397,1.664122137,-19.41984733,-0.97265625,2,0.5529785156
13,-9.541984733,-4.076335878,13.12977099,-0.1687011719,0.1879882813,0.01782226563
14,20.48854962,7.503816794,7.93129771,0.1364746094,-0.2272949219,0.03295898438
15,-7.824427481,2.618320611,6.198473282,0.5705566406,-0.2180175781,0.93359375
16,-1.106870229,2.366412214,-10.01526718,-0.03588867188,-0.5561523438,0.1477050781
17,2.709923664,-0.1145038168,3.79389313,-0.6066894531,-0.4794921875,-0.3122558594
18,-12.73282443,-20.57251908,-12.64122137,-0.9709472656,-1.902099609,2
19,3.992366412,-4.564885496,-4.908396947,-0.8601074219,-0.6635742188,-1.319824219
20,17.19083969,-10.38931298,-4.580152672,0.4731445313,-0.004150390625,0.6774902344
21,1.717557252,-0.6106870229,0.3664122137,-0.02783203125,-0.6821289063,0.4421386719
22,2.213740458,-4.305343511,-0.5877862595,-0.6508789063,-1.113525391,0.3732910156
23,-0.5572519084,19.93129771,-32.16793893,-0.44140625,-0.8671875,-0.28125
24,1.885496183,-4.190839695,10.54198473,0.00537109375,-0.0537109375,0.046875
25,2.427480916,2.236641221,1.65648855,-0.5864257813,-0.5285644531,-0.1643066406
26,8.648854962,11.9389313,-3.809160305,-0.01538085938,-0.8208007813,-1.05859375
27,0.1832061069,-1.007633588,-0.3129770992,-0.6323242188,-0.8645019531,-0.1430664063
28,-2.198473282,1.694656489,-2.572519084,-0.5830078125,-0.6206054688,0.4545898438
29,-11.94656489,4.511450382,3.488549618,-1.016601563,-1.65625,1.126708984
30,2.641221374,-0.1679389313,5.160305344,2,-1.516113281,1.316894531
31,2.618320611,5.13740458,8.351145038,0.4899902344,-0.6345214844,-0.3908691406
32,-3.847328244,3.06870229,-0.7480916031,-0.03271484375,-1.163574219,0.1206054688
33,-11.00763359,3.595419847,-9.160305344,-0.0390625,-1.873535156,-0.1513671875
34,-9.198473282,-10.25954198,-6.778625954,-1.125,-0.6877441406,0.34375
35,-19.42748092,17.09160305,-10.51908397,-0.2026367188,-1.995605469,-1.870117188
36,-7.13740458,4.519083969,2.13740458,-0.03857421875,-0.8547363281,-0.2319335938
37,1.229007634,14.15267176,-4.259541985,-1.002441406,-1.676269531,-0.1967773438
38,9.145038168,8.27480916,-0.6183206107,0.08862304688,0.228515625,-0.2062988281
39,3.954198473,3.847328244,0.1755725191,-0.1030273438,-1.497802734,-0.00048828125
40,11.05343511,-6.022900763,6.251908397,0.6608886719,-1.072509766,-0.7036132813
41,4.824427481,0.2977099237,11.96946565,-0.8569335938,-0.96875,-0.4128417969
42,-0.8702290076,-3.580152672,-1,0.006103515625,-1.028320313,0.2670898438
43,2.328244275,-3.06870229,-6.259541985,-1.085449219,-1.474365234,0.19921875
44,-8.977099237,4.65648855,4.564885496,-0.080078125,-0.3151855469,1.5625
45,6.648854962,3.129770992,3.381679389,-0.1516113281,2,-0.8176269531
46,7.335877863,-8.20610687,-6.954198473,-0.3046875,-0.3288574219,-0.09204101563
47,0.8549618321,-3.419847328,1.152671756,-0.3806152344,0.1418457031,-0.3662109375
48,10.4351145,-0.7099236641,4.129770992,-0.4677734375,-0.4975585938,-0.2854003906
49,15.10687023,7.526717557,17.3129771,-0.4465332031,2,-1.604736328
50,-12.41984733,10.26717557,2.358778626,-0.6501464844,-1.803466797,0.2314453125
51,2.503816794,-5.236641221,-1.152671756,-0.3820800781,-1.029052734,-0.04833984375
52,-6.458015267,-2.061068702,-0.2442748092,-0.2890625,-0.6237792969,0.6274414063
53,-10.63358779,16.61832061,-7.015267176,-0.671875,-1.991210938,0.5456542969
54,-6.190839695,2.633587786,-4.20610687,-0.5043945313,-0.837890625,0.4677734375
55,-0.7251908397,0.5114503817,-0.2442748092,-0.5258789063,-0.8308105469,-0.02685546875
56,-1.618320611,3.305343511,0.6564885496,0.03344726563,-1.786621094,0.0673828125
57,-19.98473282,1.503816794,-0.4732824427,-0.6044921875,2,-0.9689941406
58,3.236641221,1.27480916,1.175572519,-0.2453613281,-0.2961425781,1.092529297
59,-0.1679389313,-4.297709924,-0.9541984733,0.0341796875,-1.28125,-0.5163574219
60,10,-2.72519084,-2.625954198,-0.1987304688,-1.253173828,-0.2529296875
61,8.908396947,-1.015267176,0.9007633588,-0.01318359375,-0.2075195313,-0.1733398438
62,-6.549618321,4.015267176,1.312977099,-0.3190917969,-1.703613281,0.1096191406
63,9.015267176,-4.091603053,-3.671755725,-0.18359375,0.1274414063,-0.3115234375
64,1.305343511,-0.2671755725,2.854961832,-0.5480957031,-0.6223144531,-0.1918945313
65,2.801526718,5.41221374,-9.977099237,-0.3706054688,-1.300048828,-0.5163574219
66,2.824427481,-1.786259542,-7.854961832,0.1484375,0.6806640625,-0.1594238281
67,-17.48854962,0.0534351145,6.923664122,-0.5258789063,-1.163574219,0.5344238281
68,-17.10687023,4.86259542,11.45038168,-0.1965332031,-1.290527344,-0.2419433594
69,-6.419847328,3.877862595,9.977099237,0.01416015625,0.02612304688,0.7941894531
70,1.030534351,-11.19083969,1.534351145,-1.495117188,2,0.7360839844
71,7.099236641,0.007633587786,1.595419847,-0.4504394531,-0.9086914063,-0.4829101563
72,-27.20610687,18.72519084,4.267175573,-0.2346191406,-0.3898925781,-0.1540527344
73,-0.1832061069,3.122137405,-1.213740458,-0.5517578125,-0.6193847656,-0.1948242188
74,3.816793893,-2.877862595,-10.3129771,0.7756347656,0.04272460938,0.1176757813
75,18.63358779,-7.221374046,0.4885496183,0.3850097656,-0.8051757813,-0.80859375
76,-7.702290076,2.27480916,-0.6641221374,0.5871582031,-1.331054688,1.391357422
77,5.183206107,-17.61832061,14.59541985,0.22265625,-0.2817382813,-0.1181640625
78,1.923664122,0.9007633588,0.1526717557,-0.04467773438,-0.9685058594,0.1828613281
79,-10.84732824,-3.816793893,-4.458015267,-0.5693359375,2,0.3083496094
80,-0.4045801527,7.465648855,14.29007634,-0.2819824219,-0.841796875,0.06469726563
81,5.122137405,1.618320611,7.580152672,-0.01391601563,-0.2302246094,-0.2307128906
82,-0.3969465649,-3.099236641,2.099236641,-0.4384765625,-1.175048828,0.009033203125
83,-0.6183206107,0.2442748092,-3.58778626,-0.8813476563,-0.9487304688,0.1533203125
84,20.25954198,-9.709923664,6.091603053,-0.3745117188,-1.470703125,-0.3371582031
85,10.33587786,1.251908397,12.13740458,0.4291992188,-0.8498535156,0.3903808594
86,9.183206107,-4.687022901,12.67938931,-0.1237792969,-0.044921875,-0.04321289063
87,-0.5114503817,-3.259541985,-2.877862595,-0.2619628906,-1.239013672,0.2795410156
88,5.34351145,-14.34351145,6.282442748,-0.03881835938,0.169921875,-0.03881835938
89,0.9465648855,4.671755725,4.992366412,-0.4296875,-0.6254882813,0.427734375
90,-8.213740458,11.76335878,11.47328244,-0.3332519531,-0.2678222656,0.3593139648
91,6.480916031,-8.763358779,4.755725191,-0.16796875,-0.1511230469,-0.2395019531
92,3.450381679,2.961832061,2.183206107,-0.2614746094,-0.06860351563,0.06616210938
93,-1.595419847,-3.213740458,-0.4580152672,0.1203613281,-1.112792969,0.06176757813
94,6.366412214,2.618320611,20.55725191,0.03759765625,0.2495117188,-0.3549804688
95,5.595419847,10.12977099,-6.809160305,0.02587890625,-0.7084960938,0.5126953125
96,-5.916030534,-3.106870229,13.45038168,0.04248046875,-0.6789550781,-0.1018066406
97,-5.145038168,11.19083969,-3.312977099,-0.2104492188,2,0.5454101563
98,-11.77099237,-1.145038168,-5.541984733,-0.2160644531,2,0.2080078125
99,4.221374046,-7.41221374,6.091603053,-0.2573242188,-0.7458496094,0.1684570313
100,-0.6030534351,0.6564885496,0.3358778626,-0.5915527344,-0.7783203125,0.04150390625
101,2.305343511,-12.67938931,12.72519084,-0.1613769531,-0.01586914063,-0.2634277344
102,1.488549618,7.480916031,-3.977099237,-1.220947266,2,-0.2583007813
103,-15.83206107,-3.404580153,0.4427480916,-0.6608886719,2,1.986083984
104,-20.99236641,-1.022900763,-12.77862595,0.2099609375,2,-0.8850097656
105,-1.007633588,-2.022900763,1.221374046,0.0224609375,-0.9033203125,0.1984863281
106,-6.740458015,0.6946564885,-5.534351145,-0.5654296875,-1.266357422,-0.7978515625
107,6.442748092,0.6641221374,11.27480916,-0.06103515625,0.2927246094,-0.3234863281
108,-10.78625954,9.610687023,7.664122137,0.1059570313,-1.048583984,1.999938965
109,-4.305343511,3.541984733,6.335877863,-0.5317382813,-0.3833007813,0.0390625
110,3.41221374,-5.229007634,-4.65648855,-0.7927246094,-0.3120117188,0.44921875
111,7.541984733,-6.687022901,-9.755725191,-0.4208984375,-0.2741699219,0.2661132813
112,-2.106870229,5.030534351,2.900763359,-1.366210938,2,-0.4165039063
113,7.709923664,-9.297709924,7.526717557,-0.1867675781,-1.731689453,0.1057128906
114,-1.465648855,0.1984732824,3.709923664,0.05932617188,-1.072998047,0.01318359375
115,3.259541985,1.664122137,-1.198473282,-0.04956054688,-0.8876953125,0.06420898438
116,-3.618320611,5.847328244,-13.41221374,-0.6022949219,2,0.1423339844
117,17.83206107,-6.290076336,12.8778626,0.1157226563,0.537109375,-0.2907714844
118,5.290076336,0.9923664122,-1.541984733,-1.134521484,-0.9670410156,0.03759765625
119,-9.86259542,4.480916031,-0.7251908397,-0.4399414063,-1.470703125,-0.80078125
120,-9.122137405,21.40458015,15.61832061,-0.06616210938,2,-0.3371582031
121,-28.03053435,17.27480916,1.786259542,-0.7580566406,2,-0.05102539063
122,-7.167938931,6.221374046,-2.992366412,-0.3315429688,-1.406738281,0.529296875
123,9.435114504,-15.26717557,-7.641221374,0.0224609375,-0.3859863281,0.1052246094
124,3.213740458,-1.992366412,11.76335878,0.1279296875,0.3916015625,-0.5070800781
125,-11.57251908,3.167938931,-34.48091603,2,2,1.993164063
126,1.946564885,-4.763358779,0.3129770992,-0.654296875,-0.6533203125,-0.015625
127,1.320610687,0.3511450382,-0.7480916031,-0.4758300781,-0.65625,-0.3547363281
128,-3.061068702,0.4732824427,-7.251908397,-0.1638183594,-1.493896484,0.08056640625
129,7.305343511,2.946564885,5.86259542,0.06420898438,-0.2348632813,-0.6616210938
130,8.06870229,-11.32824427,1.564885496,-1.001464844,-0.7802734375,-0.7746582031
131,-3.366412214,-2.702290076,1.732824427,0.05517578125,-1.083007813,0.255859375
132,-7.312977099,-3.679389313,-8.86259542,-0.6384277344,2,0.4189453125
133,-0.3358778626,1.152671756,-2.198473282,-0.2709960938,-0.6501464844,-0.3251953125
134,1.267175573,10.14503817,-18.70229008,-0.89453125,2,0.5458984375
135,-5.770992366,13.45038168,-0.007633587786,-1.055419922,-1.247802734,-0.05395507813
136,-5.694656489,1.152671756,-0.6870229008,-0.1340332031,-0.5009765625,0.154296875
137,2.908396947,-6.86259542,-16.98473282,-0.1252441406,-0.1467285156,0.3459472656
138,5.244274809,3.824427481,2.847328244,-0.3381347656,2,0.537109375
139,12.38167939,-14.61832061,0.6183206107,-1.109619141,0.5119628906,1.085449219
140,2.442748092,-2.259541985,-8.633587786,-0.01391601563,-0.8659667969,0.1892089844
141,6.045801527,-5.305343511,6.022900763,0.002685546875,0.16796875,-0.2868652344
142,-13.59541985,0.5038167939,1.603053435,-0.4135742188,-1.365722656,0.1564941406
143,5.435114504,-16.03053435,-1.633587786,-0.3156738281,-0.4260253906,-0.3525390625
144,-15.38931298,-9.381679389,2.473282443,-0.2565917969,-0.3210449219,0.05517578125
145,-1.328244275,5.053435115,7.687022901,-0.423828125,-0.02734375,0.5727539063
146,3.625954198,3.267175573,-0.7022900763,-0.6242675781,-0.4020996094,-0.3896484375
147,13.08396947,-2.854961832,-8.572519084,-0.0390625,-0.1267089844,0.498046875
148,25.80152672,-14.09923664,-25.07633588,0.294921875,-0.6716308594,-0.49609375
149,-21.10687023,19.9389313,4.816793893,-0.7495117188,-0.4494628906,-0.06762695313
150,-1.572519084,2.946564885,1.282442748,-0.03442382813,-1.001953125,0.2897949219
151,1.541984733,9.465648855,-5.748091603,-0.03955078125,-1.0546875,0.2932128906
152,3.450381679,0.2595419847,19.55725191,0.1987304688,0.7814941406,-0.6520996094
153,2.977099237,11.16030534,-5.717557252,-0.2814941406,-0.6225585938,0.263671875
154,-3.526717557,-1.641221374,-5.832061069,-0.7316894531,-1.469482422,0.384765625
155,-0.7480916031,23.06870229,-6.122137405,-0.9602050781,-0.8796386719,-0.4001464844
156,-5.053435115,3.20610687,-7.41221374,-0.6728515625,-1.510742188,0.7399902344
157,-10.25954198,9.839694656,15.76335878,0.05126953125,2,0.06030273438
158,-7.465648855,-0.358778626,-4.564885496,2,-0.4753417969,1.262695313
159,-8.847328244,-7.625954198,-6.709923664,0.41796875,2,-0.5974121094
160,3.259541985,-3.763358779,-5.648854962,-0.1215820313,-1.332519531,0.2155761719
161,-0.8702290076,-11.12977099,9.72519084,-0.1342773438,-0.1928710938,-0.5617675781
162,-6.755725191,-15.6870229,-10.65648855,0.1938476563,-0.5163574219,-0.392578125
163,-25.64885496,26.96946565,-4.458015267,-0.4670410156,-1.231445313,0.1948242188
164,1.702290076,0.9007633588,-1.618320611,-0.8811035156,-0.9721679688,-0.2443847656
165,-2.099236641,3.099236641,-6.328244275,-0.5812988281,-0.5859375,-0.08227539063
166,13.2519084,5.114503817,1.099236641,-1.368652344,-1.380126953,-0.1391601563
167,6.030534351,9.297709924,-17.49618321,-1.098144531,0.04663085938,1.717529297
168,12.48854962,-11.11450382,9.244274809,-1.877929688,-0.1743164063,1.515380859
169,-1.770992366,5.404580153,-3.732824427,-0.2839355469,-1.065673828,0.6325683594
170,-0.4198473282,1.79389313,5.442748092,-0.19921875,-1.284667969,0.1708984375
171,0.9160305344,4.496183206,-7.625954198,-0.4150390625,-0.8754882813,0.5163574219
172,7.13740458,-4.351145038,9.381679389,-0.7229003906,-0.3666992188,-0.1821289063
173,-2.709923664,-4.083969466,-4.671755725,0.01098632813,-0.7509765625,0.004150390625
174,17.98473282,14.9389313,12.05343511,0.2116699219,0.08471679688,-0.2653808594
175,6.366412214,-3.549618321,-7.320610687,-0.5581054688,-0.6779785156,-0.1994628906
176,-6.664122137,4.778625954,1.702290076,-0.8312988281,-1.100341797,-0.2592773438
177,-8.20610687,6.541984733,-10.91603053,-0.60546875,2,-0.002685546875
178,15.61068702,5.86259542,12.48854962,-1.337890625,0.94921875,-1.451904297
179,-17.16030534,2.381679389,11.21374046,-0.7827148438,-0.7790527344,-0.2487792969
180,-7.198473282,2.824427481,0.1221374046,0.06640625,-0.2717285156,-0.060546875
181,-3.419847328,-5,7.106870229,-0.3989257813,-0.1613769531,0.8352050781
182,5.648854962,0.5267175573,15.87022901,-0.087890625,0.1909179688,-0.4250488281
183,-9.458015267,-5.282442748,7.152671756,0.08862304688,-0.1591796875,-0.5798339844
184,0.5267175573,-7.65648855,3.79389313,-1.990966797,0.03637695313,-0.3391113281
185,-3.603053435,5.076335878,-3.694656489,-0.6687011719,-0.8623046875,-0.2194824219
186,-0.8244274809,8.709923664,2.129770992,-0.7265625,-1.853271484,-0.2641601563
187,-5.801526718,3.694656489,7.435114504,-0.1667480469,-0.8256835938,-0.3200683594
188,-5.641221374,2,-5.954198473,0.3916015625,-0.564453125,0.2473144531
189,-21.92366412,12.83969466,11.85496183,-0.03125,-1.565917969,-0.5986328125
190,-3.229007634,-1.282442748,4.79389313,0.1953125,-1.173339844,-0.3129882813
191,1.503816794,-2.030534351,3.450381679,-0.08227539063,-0.7446289063,0.2946777344
192,7.396946565,7.633587786,0.7099236641,-0.0439453125,2,0.07568359375
193,8.969465649,-24.10687023,13.61068702,-0.2912597656,-0.572265625,0.1950683594
194,-3.79389313,2.694656489,0.3511450382,-0.3732910156,-1.323486328,-0.7072753906
195,3.221374046,-9.992366412,4.893129771,-0.7260742188,-0.8835449219,-0.2639160156
196,0.2595419847,0.4503816794,1.282442748,-0.5012207031,-0.7197265625,-0.07080078125
197,-0.9160305344,-1.229007634,3.221374046,0.01391601563,-0.9826660156,0.05615234375
198,-4.396946565,-12.17557252,10.06870229,-0.6943359375,0.04858398438,-0.7521972656
199,12.33587786,-5.41221374,-7.34351145,0.4184570313,-0.1640625,-0.4194335938
200,6.526717557,-15.05343511,2.717557252,0.1401367188,-1.714355469,0.3349609375
201,-0.1908396947,-0.6030534351,2.267175573,-0.04614257813,-0.2602539063,0.2780761719
202,-12.02290076,4.473282443,15.45038168,-0.1528320313,-0.8386230469,0.3881835938
203,-17.86259542,15.81679389,17.13740458,0.1264648438,-0.6257324219,0.9560546875
204,17.27480916,-13.3740458,-7.946564885,-0.3674316406,-0.2172851563,0.3598632813
205,-9.954198473,-9.916030534,-1.312977099,-1.294433594,-1.333740234,1.788330078
206,7.93129771,-2.358778626,-10.54961832,-0.666015625,-0.7741699219,-0.01000976563
207,5.030534351,-5.709923664,-2.267175573,-0.880859375,-0.3659667969,-0.1381835938
208,-3.305343511,3.229007634,-5.381679389,1.513427734,-1.000244141,-1.065185547
209,4.58778626,5.519083969,-7.709923664,0.0927734375,-1.869628906,-0.7692871094
210,4.633587786,-2,8.114503817,0.09521484375,-0.12109375,-0.2536621094
211,1.801526718,-0.9312977099,1.045801527,-0.2099609375,-0.7795410156,0.08715820313
212,5.083969466,-4.267175573,-6.442748092,-0.3947753906,-1.394775391,-0.078125
213,-6.442748092,19.09923664,32.03816794,-0.7416992188,-0.1208496094,-0.7058105469
214,-0.7175572519,-6.442748092,-8.335877863,-0.5390625,-0.4621582031,-0.05078125
215,13.47328244,-3.908396947,-4.702290076,-0.6354980469,-0.7575683594,0.04638671875
216,2.496183206,2.473282443,-1.320610687,-0.9885253906,-1.464355469,-0.0693359375
217,-2.541984733,13.09160305,2.893129771,-0.3171386719,-1.126708984,-0.5642089844
218,5.496183206,-16.13740458,-24.22900763,0.5593261719,1.118164063,-1.559082031
219,-1.496183206,1.374045802,12.18320611,-0.08569335938,0.3161621094,-0.4904785156
220,16.72519084,-6.022900763,15.61832061,-0.6994628906,-0.5026855469,0.4973144531
221,4.900763359,-10.77099237,2.129770992,0.06787109375,-0.6140136719,0.2666015625
222,7.083969466,-5.93129771,6.190839695,-0.09887695313,-0.2668457031,-0.08764648438
223,-11.12977099,2.65648855,-12.83206107,0.5969238281,2,0.3181152344
224,0.3053435115,13.63358779,-17.04580153,-0.16796875,-1.147216797,0.2585449219
225,1,7.450381679,15.9389313,-1.016601563,-0.0595703125,1.34765625
226,-1.717557252,4.27480916,5.190839695,-0.7192382813,-0.8344726563,0.01171875
227,-0.6946564885,-3.923664122,-3.877862595,-0.4155273438,-0.9826660156,0.3720703125
228,4.114503817,-3.34351145,-23.78625954,0.4675292969,-0.8879394531,0.06420898438
229,-12.15267176,12.08396947,2.755725191,0.7734375,2,0.3151855469
230,-8.65648855,2.335877863,-12.08396947,0.181640625,2,-0.2443847656
231,3.824427481,6.251908397,7.267175573,0.0029296875,-1.5,-0.7861328125
232,-1.786259542,0.1374045802,0.1374045802,-0.091796875,-0.9943847656,0.2451171875
233,-1.007633588,-4.770992366,2.580152672,-0.1293945313,0.2270507813,-0.2265625
234,-2.549618321,-2.755725191,-0.2671755725,-0.9262695313,-1.663330078,-0.03393554688
235,-1.297709924,11.30534351,15.29007634,-0.7150878906,-1.462890625,-0.1494140625
236,-12.74045802,-0.1755725191,-12.74045802,-0.9599609375,-1.975097656,0.8010253906
237,1.832061069,1.106870229,0.9847328244,-0.5173339844,-0.9877929688,-0.2646484375
238,-7.351145038,3.564885496,-9,-0.3586425781,2,0.3464355469
239,-0.2290076336,1.129770992,-8.007633588,-0.7141113281,-1.703125,1.657470703
240,12.03053435,-13.96183206,6,0.02294921875,-0.6320800781,-0.5495605469
241,-13.96946565,-9.160305344,-0.09923664122,-0.0224609375,-0.2788085938,1.275146484
242,1.519083969,-1.167938931,-7.396946565,0.1403808594,-1.062744141,0.4755859375
243,-1.511450382,-3.671755725,-6.72519084,-0.6362304688,-1.813964844,0.1821289063
244,-3.755725191,11.02290076,11.0610687,-0.1245117188,-0.845703125,0.6057128906
245,-10.7480916,1.152671756,11.99236641,-0.03930664063,-1.650634766,-0.4291992188
246,-7.389312977,-0.9694656489,-0.8396946565,-0.6789550781,-1.427978516,1.390563965
247,-12.21374046,3.541984733,-2.664122137,0.1066894531,-1.630371094,0.5751953125
248,1.503816794,-0.3053435115,3.641221374,-0.2873535156,-0.1831054688,0.1518554688
249,-14.50381679,9.709923664,-10.54198473,-1.294677734,2,0.7531738281
250,3.366412214,-3.595419847,8.832061069,0.05126953125,-0.2768554688,0.1794433594
251,0.3282442748,-9.664122137,-7.045801527,0.080078125,-0.6535644531,1.077148438
252,-14.75572519,7.167938931,3.122137405,0.03857421875,-1.122558594,0.1362304688
253,-1.419847328,-0.8015267176,2.916030534,-0.09497070313,-1.019287109,0.1296386719
254,-0.1832061069,3.534351145,0.4580152672,-0.07739257813,-0.7387695313,-0.2578125
255,8.114503817,-2.381679389,-11.00763359,-0.5651855469,-0.3605957031,0.15234375
256,-6.435114504,13.60305344,-0.3664122137,-0.830078125,-0.6484375,0.7355957031
257,1.946564885,3.190839695,-3.572519084,-0.154296875,-1.03515625,-0.2104492188
258,-4.236641221,5.20610687,-1.061068702,-1.999755859,-0.6064453125,-0.08203125
259,-4.160305344,5.694656489,-4.381679389,-0.4741210938,-0.8000488281,-0.02221679688
260,2.717557252,-2.435114504,-12.35877863,-1.28125,-0.08032226563,0.07299804688
261,-12.42748092,-1.465648855,-5.816793893,-0.3110351563,-1.291259766,-0.9521484375
262,11.87022901,6.129770992,4.946564885,-0.283203125,-0.6037597656,-1.075927734
263,-2.564885496,-1.641221374,-0.3053435115,-0.0556640625,-0.6604003906,0.181640625
264,2.366412214,-6.267175573,-18.80152672,-0.1169433594,-1.989013672,0.3530273438
265,-0.9694656489,-17.58778626,-16.15267176,0.2849121094,-1.906738281,0.2963867188
266,-0.8167938931,2.755725191,5.351145038,-0.1604003906,-0.2526855469,-0.2275390625
267,6.122137405,-3.351145038,12.96183206,-0.3005371094,-0.01098632813,-0.4975585938
268,-12.1221374,3.358778626,3.877862595,-0.2917480469,-0.2563476563,0.9360351563
269,2.93129771,7.732824427,-9.748091603,-0.3818359375,-0.4853515625,-0.2639160156
270,-4.778625954,-3.763358779,0.572519084,0.02075195313,2,0.5056152344
271,-13.25954198,13.3129771,-5.221374046,-0.02709960938,-1.700683594,-0.1899414063
272,-1.167938931,8.79389313,-6.213740458,0.1081542969,-0.6713867188,-1.068359375
273,1.34351145,-15.5648855,-2.061068702,-0.9611816406,0.02221679688,0.7790527344
274,3.732824427,3.061068702,4.86259542,0.2131347656,-0.3828125,0.033203125
275,7.167938931,-5.526717557,-3.969465649,-0.1350097656,-1.173095703,0.2873535156
276,2.549618321,-11.25954198,-4.358778626,-0.2814941406,-0.1372070313,-0.072265625
277,-9.809160305,-6.79389313,14.04580153,-0.2258300781,-0.2358398438,0.8786621094
278,-2.839694656,-1.022900763,-2.648854962,-0.6315917969,2,-0.03540039063
279,7.603053435,-7.083969466,3.763358779,-0.6335449219,-0.5725097656,-0.05078125
280,1.030534351,7.65648855,-5.175572519,-0.6499023438,-0.7717285156,-0.2036132813
281,-9.717557252,12.51145038,2.885496183,-0.02172851563,2,-1.760253906
282,-12.95419847,11.23664122,5.709923664,0.08642578125,-1.925292969,-0.9753417969
283,0.7175572519,9.229007634,5.312977099,2,-1.594970703,-0.474609375
284,-30.53435115,25.38167939,-9.694656489,0.01635742188,-1.635986328,-0.1638183594
285,2.58778626,-4.381679389,7.916030534,0.1833496094,-0.3325195313,0.2983398438
286,2.58778626,-6.175572519,5.709923664,-0.004150390625,-0.1086425781,-0.2106933594
287,-2.503816794,2.419847328,6.20610687,0.486328125,0.5795898438,0.0234375
288,-18.64122137,-4.381679389,-0.5572519084,-1.465820313,2,0.00927734375
289,2.145038168,8.732824427,11.61068702,-0.3579101563,0.236328125,0.4645996094
290,-9.480916031,-6.86259542,2.687022901,-0.5463867188,-0.8427734375,-0.2023925781
291,-0.9389312977,-3.824427481,10.20610687,-0.3051757813,-0.2082519531,0.09008789063
292,1.992366412,1.618320611,0.5954198473,-0.2585449219,-1.311523438,-0.3596191406
293,13.83969466,-1.396946565,-17.48854962,-0.6430664063,-0.611328125,-0.2702636719
294,4.694656489,10.93129771,4.267175573,0.8103027344,-0.671875,-0.03393554688
295,-13.59541985,11.45038168,-17.87022901,0.6333007813,-0.75,-0.3098144531
296,-30.97709924,1.175572519,-6.809160305,-0.4497070313,-1.486816406,0.6264648438
297,-0.5572519084,-1.381679389,4.015267176,0.06713867188,-0.806640625,0.2568359375
298,14.64122137,-0.8396946565,-1.709923664,-0.1391601563,-0.03344726563,-0.1364746094
299,4.900763359,10.57251908,8.755725191,-0.09204101563,-0.7072753906,0.427734375
300,13.40458015,-4.267175573,-0.03053435115,-0.2983398438,-0.06274414063,1.999938965
301,-0.9007633588,8.801526718,1.885496183,0.7568359375,-0.2377929688,-1.171142578
302,-9.916030534,9.175572519,4.885496183,-0.06982421875,-0.2177734375,-0.4279785156
303,6.076335878,20.24427481,-29.14503817,-0.2197265625,-1.230957031,-0.2160644531
304,-4.610687023,-5.34351145,-1.259541985,0.1640625,-1.203857422,0.55859375
305,12.27480916,-14.94656489,-1.877862595,0.6032714844,-0.04248046875,0.5354003906
306,-5.557251908,21.2519084,-1.755725191,0.6091308594,-0.5339355469,-0.7670898438
307,13.42748092,-1.58778626,16.38931298,-0.1892089844,-0.6599121094,0.2604980469
308,-2.442748092,-0.3893129771,4.832061069,0.00390625,-1.074951172,0.2475585938
309,-24.89312977,1.992366412,-1.72519084,-0.3898925781,-1.672851563,1.900878906
310,-1.007633588,0.2977099237,-24.55725191,-0.9108886719,-1.720458984,0.490234375
311,-13.57251908,-4.328244275,0.06870229008,0.5458984375,-0.37890625,0.2707519531
312,-2.534351145,-0.06870229008,0.07633587786,0.1538085938,-0.8833007813,0.7666015625
313,4.221374046,3.58778626,0.8244274809,-0.9775390625,2,-0.1291503906
314,3.244274809,-0.9160305344,1.419847328,-0.6352539063,-1.427978516,-0.2214355469
315,16.86259542,-5.27480916,-1.396946565,-1.984436035,-1.111328125,1.999938965
316,10.09160305,-4.396946565,-0.4961832061,-1.989990234,-0.08862304688,1.725097656
317,2.992366412,-9.893129771,-10.72519084,-0.5786132813,-1.470214844,-0.857421875
318,-10.80152672,0.3282442748,3.20610687,0.2770996094,-0.2917480469,1.895507813
319,-4.801526718,-1.473282443,4.870229008,0.06884765625,-1.285400391,0.232421875
320,-6.396946565,12.67938931,17.54198473,-0.09399414063,-0.1479492188,-0.3842773438
321,-9.038167939,11.09923664,-9.183206107,-1.992919922,2,0.8251953125
322,12.85496183,17.98473282,-3.770992366,-0.3762207031,-1.428222656,-0.3688964844
323,5.977099237,3.564885496,6.893129771,-0.205078125,-0.4365234375,-0.2475585938
324,2.946564885,8.503816794,2.923664122,-0.9614257813,-1.078857422,-0.1955566406
325,10.13740458,-7.72519084,4,-0.4096679688,-0.8957519531,-0.02734375
326,-8.358778626,14.18320611,-13.45038168,-0.7495117188,2,1.911865234
327,-0.8320610687,-5.603053435,-11.34351145,-1.753173828,-0.7492675781,1.883789063
328,15.35114504,-8.267175573,4.351145038,0.509765625,-0.1745605469,1.948974609
329,1.839694656,-5.603053435,-6.480916031,-0.7424316406,-0.7360839844,0.1865234375
330,1.847328244,-3.526717557,1.916030534,0.07275390625,-1.044921875,0.2707519531
331,-5.633587786,2.534351145,1.083969466,-0.01318359375,-0.03784179688,-0.2387695313
332,9,-6.335877863,-9.580152672,-1.446289063,-1.501220703,0.4990234375
333,16.12977099,-6.091603053,-12.63358779,0.134765625,-1.041503906,-0.08129882813
334,-2.778625954,-2.236641221,0.8549618321,-0.9892578125,-1.862792969,-0.9150390625
335,6.86259542,-3.671755725,4.114503817,-0.4113769531,-0.2065429688,-0.283203125
336,0.8473282443,16.80916031,-12.30534351,-0.4733886719,-0.5620117188,-0.07373046875
337,0.2213740458,-4.763358779,4.938931298,-1.212646484,-0.6484375,-0.5646972656
338,-16.34351145,11.10687023,18.49618321,-0.3664550781,1.321777344,0.3881835938
339,-1.885496183,-0.7099236641,11.01526718,0.09643554688,1.012451172,1.391601563
340,16.72519084,-8.442748092,-7.938931298,0.1652832031,0.1049804688,0.296875
341,-3.022900763,-5.763358779,3.557251908,0.02172851563,-0.1003417969,0.74609375
342,-1.305343511,-5.503816794,8.221374046,0.1374511719,-0.6547851563,0.3645019531
343,2.755725191,-3.79389313,1.099236641,-0.6494140625,-1.994140625,1.390625
344,15.8778626,-13.2519084,15.39694656,-0.1916503906,0.2829589844,-0.1081542969
345,-2.122137405,-8.183206107,-0.4198473282,-0.02661132813,0.03369140625,-0.4921875
346,-22.45038168,-0.6259541985,-10.35877863,-1.333007813,-1.991455078,1.336914063
347,-0.1526717557,3.030534351,-1.969465649,-0.69921875,-1.013916016,-0.1994628906
348,-0.8702290076,1.496183206,2.404580153,-0.3039550781,-1.837402344,-0.5749511719
349,-5.961832061,-2.503816794,-7.06870229,-1.803222656,-0.8669433594,0.8486328125
350,17.67938931,9.27480916,5.320610687,0.7214355469,-1.641357422,0.4592285156
351,-0.1145038168,11.54198473,-3.20610687,-0.1193847656,-0.3703613281,-0.4743652344
352,0.3893129771,-4.763358779,-10.89312977,0.2724609375,2,0.794921875
353,4.732824427,-0.106870229,-0.4198473282,-0.01538085938,-0.9196777344,-0.03881835938
354,0.2824427481,-5.381679389,-8.992366412,0.103515625,-0.8491210938,-0.2133789063
355,2.786259542,0.320610687,-1.030534351,-0.2094726563,-0.05615234375,-0.2414550781
356,-11.6870229,-0.1297709924,-1.114503817,-0.484375,-0.5583496094,-0.3366699219
357,-2.328244275,0.06870229008,-9.351145038,-0.7495117188,-0.8642578125,-0.2861328125
358,2.267175573,-5.41221374,-6.916030534,-0.3625488281,-0.6076660156,0.201171875
359,-26.20610687,7.015267176,-6.916030534,-0.7666015625,2,1.235839844
360,2.34351145,-1.305343511,9.389312977,1.165039063,-1.256591797,0.1298828125
361,5.709923664,-12.6870229,13.54198473,1.949707031,-0.79296875,1.137695313
362,9.946564885,-4.664122137,-13.49618321,-0.2690429688,-1.545898438,0.0263671875
363,-2.496183206,1.015267176,1.175572519,0.1015625,-0.400390625,0.0859375
364,5.221374046,-11.52671756,-3.442748092,-0.04296875,-0.06176757813,-0.1520996094
365,9.015267176,-8.129770992,-3.503816794,-0.3044433594,-1.37890625,-0.0908203125
366,12.96183206,12.13740458,6.641221374,-0.1589355469,-0.140625,-0.3388671875
367,3.801526718,-10.5648855,-21.71755725,-1.666015625,2,0.2258300781
368,5.122137405,2.030534351,-5.213740458,-0.7697753906,-0.810546875,0.04956054688
369,4.786259542,-0.893129771,12.86259542,-0.6215820313,-0.7053222656,1.482421875
370,12.41984733,-1.984732824,7.374045802,0.4372558594,-0.6943359375,0.2297363281
371,-0.1374045802,-1.916030534,6.709923664,-1.695800781,-0.9079589844,0.8779296875
372,-36.27480916,19.0610687,27.9389313,2,2,1.999938965
373,5.786259542,-1.687022901,2.938931298,-0.3249511719,-0.9675292969,0.8176269531
374,-3.641221374,-6.41221374,7.175572519,0.03540039063,-0.7072753906,0.716796875
375,-3.610687023,-13.7480916,10.87022901,-0.806640625,-0.4177246094,0.03247070313
376,-2.297709924,3.900763359,5.732824427,-0.1586914063,-0.02026367188,-0.1713867188
377,-18.25954198,14.42748092,0.9694656489,-0.166015625,2,0.8044433594
378,12.20610687,5.435114504,17.26717557,0.1381835938,0.09716796875,-0.5227050781
379,11.48854962,13.8778626,-9.786259542,-0.365234375,-1.098632813,-0.5795898438
380,-0.5190839695,-4.992366412,4.145038168,-0.04150390625,2,0.345703125
381,-6.076335878,1.832061069,5.786259542,0.146484375,-1.433105469,0.4497070313
382,-4.297709924,0.2442748092,4.13740458,-1.109375,-1.993652344,0.5288085938
383,13.29770992,-5.053435115,-14.47328244,0.5717773438,0.3317871094,0.3674316406
384,5.496183206,-3.41221374,-2.007633588,0.3264160156,-0.5556640625,-0.09814453125
385,-5.480916031,-1.038167939,-2.259541985,-0.3200683594,2,0.08447265625
386,-13.18320611,-9.022900763,5.58778626,0.7937011719,-0.197265625,-0.03149414063
387,-0.9541984733,-15.77099237,-4.320610687,-0.1579589844,-0.5561523438,-0.599609375
388,5.702290076,2.160305344,15.72519084,-0.2009277344,0.1130371094,-0.80078125
389,1.595419847,9.13740458,-3.580152672,-0.5859375,-0.9243164063,-0.4377441406
390,1.190839695,1.160305344,-9.885496183,0.2478027344,-1.198730469,-0.2687988281
391,6.740458015,-10.33587786,0.1297709924,-1.514648438,-1.103515625,0.71484375
392,3,3.93129771,16.15267176,0.4760742188,-0.8513183594,-0.2658691406
393,-3.938931298,5.748091603,2.076335878,-0.2001953125,-1.658447266,0.0400390625
394,6.076335878,-3.839694656,-2.114503817,-0.203125,-1.648681641,-0.017578125
395,-12.14503817,1.625954198,6.748091603,0.2763671875,0.1069335938,-0.1301269531
396,-12.70992366,-4.992366412,-9.27480916,0.2385253906,-1.574462891,0.6569824219
397,-19.66412214,17.24427481,5.007633588,-0.3020019531,-1.484375,1.050048828
398,7.41221374,6.854961832,9.58778626,-0.1984863281,-0.1311035156,0.5512695313
399,-0.2061068702,-0.9312977099,0.8244274809,-0.7373046875,-1.056152344,0.2834472656
400,-10.48091603,2.671755725,2.79389313,-0.5212402344,-1.901123047,0.4714355469
401,-4.748091603,17.27480916,23.71755725,1.569335938,2,-1.299560547
402,18.06870229,-0.106870229,5.946564885,-0.02197265625,-0.1105957031,0.03466796875
403,5.190839695,-25.96183206,8.786259542,0.564453125,-1.744628906,0.234375
404,-10.41221374,5.061068702,-9.564885496,-0.3039550781,-1.748535156,0.2082519531
405,1.152671756,-13.09923664,5.832061069,-0.03759765625,-1.148925781,0.3586425781
406,-37.24427481,17.45801527,26.13740458,-0.3757324219,-0.3937988281,-0.6127929688
407,10.3740458,3.167938931,-8.770992366,-0.3491210938,-0.73046875,0.09130859375
408,-11.44274809,4.351145038,-2.564885496,-0.1401367188,-1.110595703,1.322753906
409,6.72519084,1.27480916,-4.106870229,0.1018066406,-0.05981445313,0.048828125
410,0.5267175573,-0.8396946565,-1.328244275,-0.6076660156,-0.994140625,0.08276367188
411,-18.67938931,-1.076335878,-4.351145038,-0.8715820313,-1.997802734,-0.400390625
412,38.4351145,-9.221374046,12.64122137,1.993652344,2,-0.8503417969
413,6.374045802,-5.152671756,9.511450382,0.1948242188,-0.9919433594,0.7775878906
414,3.79389313,30.16030534,22.45801527,-0.8830566406,-0.4055175781,-0.1362304688
415,4.381679389,-3.900763359,12.79389313,0.1494140625,0.05810546875,-0.1394042969
416,-1.641221374,1.534351145,6.603053435,-0.1005859375,-0.9914550781,0.3068847656
417,4.229007634,-0.4732824427,-7.572519084,-0.08911132813,-0.5900878906,-0.06689453125
418,-4.847328244,13,9.20610687,-0.9709472656,-1.992675781,-0.7250976563
419,-22.82442748,-17.99236641,-19.71755725,-1.984619141,-1.062744141,0.9035644531
420,-12.82442748,2.954198473,9.847328244,-0.2133789063,-0.5588378906,-0.4897460938
421,-0.4198473282,-7.832061069,3.335877863,-0.1650390625,-0.8486328125,-0.3244628906
422,2.473282443,6.160305344,-6.954198473,-0.7333984375,-0.9448242188,-0.03369140625
423,-5.06870229,-6.916030534,-3.404580153,-0.6171875,-0.3828125,-0.6782226563
424,-55.88549618,57.00763359,71.45801527,-0.9011230469,2,-0.966796875
425,12.90076336,-9.778625954,-8.580152672,-0.5668945313,2,1.014404297
426,3.282442748,4.786259542,8.045801527,-0.1320800781,2,0.06958007813
427,-7.305343511,11.61832061,24.99236641,-1.094726563,-0.4299316406,-1.369628906
428,13.22900763,-17.82442748,-10.76335878,-0.1455078125,-0.8208007813,0.6586914063
429,5.763358779,-3.083969466,-9.145038168,0.04223632813,-1.080078125,0.04028320313
430,-13.60305344,28.80916031,12.25954198,0.2045898438,2,0.2099609375
431,4.671755725,-4.427480916,-7.015267176,-0.5424804688,-0.8984375,-0.09741210938
432,15.34351145,6.86259542,-3.099236641,-0.2028808594,2,-0.5405273438
433,2.022900763,4.618320611,-4.969465649,-1.832275391,-1.292236328,0.3303222656
434,5.465648855,4.618320611,-7.816793893,-0.6335449219,-0.6721191406,0.2145996094
435,7.480916031,-3.007633588,-6.320610687,-0.546875,-0.9057617188,0.0986328125
436,18.67175573,-14.59541985,-0.7328244275,0.1059570313,-0.3178710938,0.3190917969
437,-25.99236641,-5.954198473,6.618320611,0.7880859375,2,-0.8342285156
438,-14.39694656,14.33587786,1.496183206,0.3041992188,-0.8986816406,-0.2817382813
439,-0.8396946565,1.335877863,5.541984733,0.2231445313,-0.9555664063,-0.2355957031
440,0.9770992366,-1.664122137,1.099236641,0.06420898438,-1.063964844,-0.00830078125
441,17.74045802,-13.3740458,5.86259542,0.1166992188,-0.162109375,-0.603515625
442,-2.091603053,-0.3740458015,20.03816794,-0.1613769531,0.5166015625,-0.1735839844
443,3.923664122,-0.9389312977,15.07633588,0.2065429688,0.1037597656,-0.1320800781
444,6.236641221,-5.511450382,-6.442748092,-0.5581054688,-0.05981445313,-0.5581054688
445,2.763358779,4.160305344,-5.938931298,-0.5869140625,-0.8156738281,-0.142578125
446,3.221374046,-11.45801527,0.3664122137,-0.9230957031,-0.1870117188,0.3857421875
447,-26.03053435,10.78625954,-4.091603053,-1.302734375,2,1.527587891
448,-16.5648855,3.091603053,-9.251908397,0.2072753906,2,0.08129882813
449,-16.82442748,10.07633588,-8.099236641,-0.7126464844,2,1.537353516
450,2.335877863,-0.8167938931,1.748091603,0.2338867188,-1.268554688,0.072265625
451,-3.961832061,-6.106870229,7.091603053,-0.6987304688,2,-0.04516601563
452,3.633587786,-3.694656489,6.419847328,0.06494140625,0.04760742188,-0.2331542969
453,14.05343511,-4.79389313,4.595419847,-0.06884765625,-0.00048828125,-0.1254882813
454,-9.083969466,-21.95419847,-14.51145038,-0.5866699219,-0.55078125,0.4875488281
455,12.69465649,-8.06870229,8.648854962,-0.3642578125,-0.5522460938,-0.9592285156
456,0.4351145038,-1.114503817,-0.7328244275,-0.7338867188,-1.418212891,0.2658691406
457,0.6564885496,6.488549618,-4.732824427,-0.0673828125,-0.3566894531,-0.21875
458,10.80152672,-14.18320611,1.175572519,-0.7165527344,-0.5712890625,0.75390625
459,20.05343511,4.496183206,-2.79389313,0.8571777344,2,0.13671875
460,-3.709923664,-0.1603053435,13.47328244,-0.1875,-1.006835938,-0.5546875
461,0.03816793893,3.442748092,6.450381679,-0.4638671875,-0.8403320313,0.4519042969
462,1.954198473,2.41221374,-3.290076336,-0.09619140625,-1.151611328,0.2202148438
463,9.106870229,-8.290076336,7.748091603,-0.1467285156,-0.7307128906,0.220703125
464,-3.65648855,1,5.763358779,-0.1691894531,-0.1506347656,-0.3442382813
465,-22.77099237,16.57251908,5.839694656,-0.3413085938,2,0.3051757813
466,11.09160305,5.419847328,1.801526718,-0.2189941406,-0.126953125,-0.3701171875
467,-2.236641221,-1.221374046,-9,-0.9860839844,-1.076660156,0.07006835938
468,-2.534351145,-4.870229008,-2.526717557,-0.634765625,-0.8527832031,0.1323242188
469,-14.58778626,10.32824427,4.419847328,0.1198730469,2,-0.5031738281
470,8.404580153,-5.778625954,-9.885496183,0.5744628906,0.6127929688,-0.8029785156
471,14.92366412,-15.58015267,-33.48854962,1.649902344,-0.6872558594,1.963623047
472,-3.366412214,8.427480916,10.00763359,0.4267578125,-0.7443847656,0.9899902344
473,26.41984733,-15.64122137,4.961832061,0.2783203125,-0.7944335938,-0.5471191406
474,-4.41221374,2.610687023,0.5190839695,-0.07983398438,-0.3879394531,0.07421875
475,-16.99236641,-6.610687023,28.53435115,-0.3449707031,0.02294921875,1.999023438
476,-2,-13.85496183,14.6870229,-0.5283203125,-0.779296875,-0.4213867188
477,-25.06870229,18.26717557,-1.778625954,-0.609375,-1.966308594,-0.5634765625
478,-0.09923664122,0.03816793893,-5.244274809,-0.2524414063,-1.214599609,-0.2258300781
479,10.88549618,9.366412214,-4.961832061,-0.560546875,-0.7736816406,-0.31640625
480,3.122137405,3.480916031,7.648854962,-0.5393066406,-1.278076172,0.4992675781
481,16.25954198,-7.687022901,5.129770992,-0.5708007813,-0.2121582031,-0.396484375
482,-4.442748092,-1.557251908,14.96183206,0.3742675781,0.1008300781,-0.3984375
483,-8.389312977,27.49618321,11.96183206,1.531188965,-0.7927246094,0.1547851563
484,21.35877863,-6.664122137,0.213740458,-0.2026367188,-0.6723632813,0.1225585938
485,-0.320610687,-8.72519084,2.702290076,0.1557617188,-0.3017578125,0.06909179688
486,-8.190839695,-1.984732824,-11.96183206,-0.970703125,2,0.3098144531
487,2.312977099,-5.213740458,0.4122137405,-1.426269531,-0.3583984375,1.649902344
488,-1.595419847,-3.183206107,1.977099237,-0.103515625,-0.4926757813,-0.4833984375
489,-17.45038168,8.503816794,12.92366412,-0.6931152344,-0.5324707031,0.1420898438
490,0.465648855,10.52671756,-1.06870229,-1.030517578,-0.81640625,-0.04638671875
491,-3.801526718,-5.79389313,-5.175572519,-0.310546875,-0.7670898438,0.1303710938
492,-1.923664122,-6.320610687,-0.09160305344,-0.9526367188,0.7307128906,-0.734375
493,5.992366412,-9.083969466,-14.91603053,1.258300781,-0.1428222656,-0.1538085938
494,-22.86259542,9.458015267,8.740458015,0.2829589844,-1.296386719,0.5539550781
495,-8.221374046,-1.770992366,4.79389313,-0.08984375,-0.7307128906,0.7236328125
496,-1.06870229,-2.679389313,6.816793893,0.05908203125,-1.22265625,0.3303222656
497,-15.87022901,9.908396947,-3.641221374,-0.431640625,-1.296875,0.1437988281
498,-3.030534351,-2.977099237,2.58778626,0.220703125,0.6137695313,-0.9631347656
499,15.35114504,-19.81679389,-23.1221374,0.6989746094,-0.7844238281,1.348388672
500,-13.3129771,17.55725191,-10.72519084,-0.6865234375,-1.989746094,1.999938965
501,-9.580152672,5.27480916,-3.122137405,-1.630371094,-0.9562988281,1.993652344
502,-0.6488549618,4.320610687,-4.847328244,-0.3098144531,-0.689453125,-0.2802734375
503,9.511450382,-5.832061069,8.259541985,-0.7075195313,-0.8100585938,-1.075439453
504,14.34351145,-3.427480916,1.557251908,-0.4514160156,0.2211914063,0.3271484375
505,3.984732824,12.98473282,10.64122137,-0.4377441406,-1.546630859,0.2407226563
506,-7.541984733,5.65648855,-12.21374046,-0.1352539063,-1.019775391,0.91015625
507,-7.595419847,2.748091603,11.93129771,-0.193359375,-0.7475585938,1.044189453
508,-0.2824427481,-8.786259542,4.435114504,0.1569824219,-0.09814453125,0.0244140625
509,-2.557251908,-7.145038168,-7.404580153,-0.1022949219,2,1.999938965
510,15.11450382,5.526717557,14.44274809,-0.04516601563,0.1169433594,-0.2770996094
511,15.61832061,8.93129771,1.732824427,-0.5576171875,-0.6752929688,0.5087890625
512,14.32061069,7.328244275,4.129770992,-0.189453125,-0.2202148438,-0.3376464844
513,0.534351145,0.2748091603,-1.312977099,-0.4169921875,-0.7866210938,0.03149414063
514,9.65648855,0.2366412214,1.106870229,-0.6799316406,-0.830078125,0.9697265625
515,-6.633587786,2.41221374,4.93129771,-0.6704101563,-0.04760742188,-0.5114746094
516,-35.32061069,19.30534351,5.076335878,-0.3259277344,2,0.1848144531
517,-40.59541985,-0.2748091603,-6.572519084,-1.009277344,-1.627685547,1.859313965
518,-2.022900763,-2.198473282,13.01526718,-0.2873535156,-1.633056641,0.3129882813
519,-6.358778626,-3.34351145,-1.419847328,-0.02978515625,-1.139404297,0.3332519531
520,-4.496183206,6.160305344,7.969465649,-0.1657714844,-1.021728516,-0.0654296875
521,-12.5648855,10.06870229,2.854961832,-0.03076171875,-0.1645507813,0.05297851563
522,7.41221374,12.36641221,-6.72519084,-0.1750488281,-1.077636719,-0.4851074219
523,-8.65648855,5.86259542,9.778625954,0.1650390625,-0.0546875,0.2453613281
524,2.183206107,4.358778626,-3.442748092,-0.3576660156,-0.4653320313,-0.2092285156
525,-6.854961832,1.694656489,-6.06870229,-0.55859375,-1.387939453,0.06884765625
526,-30.41221374,1.175572519,1.20610687,-0.1618652344,-1.952392578,-1.499267578
527,-23.45801527,9.877862595,1.427480916,-0.146484375,2,0.4262695313
528,-10.2519084,15.35877863,3.450381679,-1.036376953,2,-0.9855957031
529,-1.954198473,3.366412214,-5.099236641,-0.06518554688,-0.830078125,0.01293945313
530,-2.183206107,-4.366412214,-0.6335877863,-0.009033203125,-0.9284667969,0.4338378906
531,-7.938931298,1.580152672,5.961832061,-0.3542480469,-1.060058594,0.04858398438
532,-7.557251908,-0.9083969466,11.94656489,-0.8566894531,-1.921875,-0.041015625
533,3.702290076,-2.969465649,-9.152671756,-0.3212890625,-1.023681641,-0.6301269531
534,-9.549618321,-4.221374046,2.236641221,-0.373046875,-0.7827148438,-0.9113769531
535,-2.328244275,10.30534351,-9.519083969,-1.991943359,2,0.412109375
536,1.664122137,-2.267175573,0.6870229008,-0.5620117188,-1.293701172,0.04565429688
537,-0.4885496183,-0.2061068702,4.79389313,0.3898925781,-1.909912109,-0.2099609375
538,13.32824427,-13.57251908,-31.00763359,-0.1264648438,-1.264648438,1.203613281
539,1.282442748,1.167938931,8.312977099,-0.2087402344,-0.4975585938,-0.4626464844
540,8.458015267,-18.24427481,13.7480916,-0.1555175781,0.04443359375,0.4243164063
541,2.893129771,-12.58015267,-2.305343511,0.4094238281,-0.8796386719,0.5798339844
542,13.06870229,-6.992366412,2.847328244,-0.1359863281,-0.8520507813,-0.2392578125
543,17.64122137,1.916030534,5.770992366,0.3715820313,-1.205078125,-0.07641601563
544,14.67938931,-1.763358779,11,-0.1691894531,-0.1926269531,0.8474121094
545,5.809160305,-17.67175573,-8.717557252,-0.3842773438,-0.1748046875,-0.1865234375
546,8.580152672,11.45038168,2.93129771,-1.989990234,-0.3952636719,-0.5109863281
547,-0.7786259542,2.106870229,-1.694656489,-1.991943359,-0.8640136719,-0.1420898438
548,7.893129771,-0.007633587786,-5.160305344,-0.3391113281,-0.8718261719,0.1787109375
549,-7.366412214,25.51908397,21.34351145,-1.27734375,-0.2416992188,-1.191894531
550,-24.61832061,9.938931298,-24.42748092,0.857421875,-0.6760253906,0.099609375
551,14.27480916,-17,-22.45038168,0.9262695313,-1.327392578,-0.9177246094
552,-0.6335877863,-9.458015267,-7.557251908,0.1047363281,-0.7038574219,-0.0595703125
553,-5.389312977,1.839694656,0.6564885496,-0.1257324219,-1.695556641,0.3298339844
554,4.93129771,-0.3511450382,1.312977099,-0.08642578125,-0.765625,0.001953125
555,-2.427480916,-14.0610687,-0.9007633588,-0.3112792969,-0.3935546875,0.6301269531
556,-25.01526718,1.389312977,-10.83969466,-0.5012207031,-1.826171875,0.369140625
557,17.06870229,-2.366412214,14.33587786,-0.1027832031,-0.02734375,-0.625
558,0.1679389313,0.6641221374,-1.251908397,-0.4763183594,-0.7683105469,0.01708984375
559,-3.152671756,8.427480916,11.29770992,-0.4694824219,0.5788574219,-0.1938476563
560,21.64885496,-8.465648855,3.778625954,0.1845703125,-0.5559082031,0.4838867188
561,-19.78625954,18.2519084,0.5496183206,-0.85546875,-0.7646484375,-0.08227539063
562,-8.20610687,16.1221374,-2.977099237,1.999938965,-0.5178222656,1.313720703
563,-4.786259542,4.618320611,-3.175572519,-0.1896972656,-0.3461914063,-0.1313476563
564,-4.992366412,-1.030534351,6.549618321,0.03344726563,-1.367919922,0.2321777344
565,20.32061069,-18.12977099,-25.11450382,-0.025390625,-0.7583007813,-0.162109375
566,0.7786259542,-6.900763359,-9.572519084,-0.4533691406,-1.890625,1.721923828
567,-6.847328244,4.175572519,-6.099236641,-0.2055664063,-1.192138672,-0.1994628906
568,-21.38931298,10.28244275,6.41221374,-1.190673828,2,0.9812011719
569,-1.496183206,1.366412214,-0.8625954198,-0.4416503906,-0.8168945313,0.07568359375
570,4.167938931,-3.381679389,-13.07633588,0.02416992188,-0.4655761719,0.380859375
571,-16.48091603,5.709923664,-13.38931298,-0.8586425781,-1.754638672,-0.1657714844
572,15.94656489,-6.312977099,27.11450382,0.4799804688,-1.045654297,-0.9526367188
573,-0.2519083969,5.221374046,4.480916031,-1.282470703,-1.331054688,0.7099609375
574,-4.923664122,-3.458015267,5.763358779,-0.1745605469,-0.353515625,0.06396484375
575,-6.687022901,6.610687023,0.6488549618,0.05151367188,-0.6643066406,0.5075683594
576,6.129770992,-2.007633588,-0.1755725191,-0.1362304688,-0.9396972656,0.1857910156
577,2.687022901,-22.45038168,-0.1832061069,0.3205566406,0.4733886719,-0.8032226563
578,1.610687023,-10.09160305,-0.1603053435,-0.07958984375,-0.2495117188,-0.6354980469
579,3.900763359,-7.083969466,15.55725191,-0.3984375,-0.02563476563,-0.5588378906
580,8.465648855,-2.083969466,-14.22900763,-0.2175292969,-1.637939453,-0.3295898438
581,15.6259542,8.503816794,-10.87022901,-0.4482421875,-0.3630371094,-0.0546875
582,-1.816793893,3.122137405,7.755725191,-0.76171875,-1.282958984,0.06274414063
583,-27.86259542,10.82442748,14.4351145,1.776855469,-0.9729003906,0.3732910156
584,2.175572519,-6.366412214,-11.34351145,0.03881835938,-0.9538574219,0.8413085938
585,-20.22900763,27,16.51145038,0.02758789063,-0.4165039063,1.460205078
586,-5.755725191,-4.183206107,-5.427480916,-0.611328125,-0.7875976563,0.6821289063
587,-0.5954198473,-5.175572519,0.9465648855,0.1774902344,-0.2009277344,0.005126953125
588,3.717557252,-11.03053435,-1.809160305,-0.2934570313,-0.2854003906,-0.07299804688
589,3.709923664,-14.3740458,6.007633588,-0.3764648438,-0.58203125,0.4841308594
590,-13.94656489,2.86259542,15.29007634,-0.4553222656,-1.828369141,1.999938965
591,2.366412214,-1.267175573,-1.175572519,-0.2612304688,-0.7575683594,-0.6799316406
592,14.55725191,11.09923664,-19.05343511,-0.4780273438,-0.8813476563,-0.4479980469
593,14.80916031,-0.2366412214,-22.04580153,0.06713867188,-1.046630859,0.1042480469
594,-9.374045802,2.702290076,16.76335878,1.363037109,2,1.402587891
595,-25.09160305,9.389312977,3.229007634,-1.234863281,-0.314453125,0.51171875
596,-33.20610687,11.34351145,4.435114504,0.6240234375,-1.435546875,1.546630859
597,6.450381679,-14.44274809,-10.98473282,0.0283203125,-0.5922851563,0.1411132813
598,4.282442748,-0.9694656489,-15.12977099,-0.171875,-1.709472656,-0.1999511719
599,8.526717557,1.366412214,8.938931298,-0.6174316406,0.03857421875,-0.5607910156
600,3.183206107,-14.49618321,7.328244275,-0.3513183594,-0.31640625,0.4501953125
601,24.29007634,-10.50381679,-11.2519084,-0.2436523438,-0.5620117188,-0.09521484375
602,-4.870229008,-0.03053435115,2.816793893,-0.006103515625,-0.1420898438,-0.7990722656
603,-1.740458015,2.251908397,-3.167938931,-0.5908203125,-1.029541016,0.03271484375
604,-1.389312977,6.282442748,1.977099237,0.4289550781,-1.46875,-0.1413574219
605,10.25954198,-3.732824427,-8.267175573,-0.4157714844,-1.998535156,-0.2023925781
606,-0.8015267176,-5.458015267,9.809160305,2,-0.05004882813,0.5170898438
607,8.396946565,21.83969466,1.519083969,-0.7426757813,-0.4975585938,0.06787109375
608,-3.152671756,0.7022900763,2.687022901,-0.0390625,-0.6945800781,0.0712890625
609,0.3969465649,6.320610687,3.091603053,-0.5295410156,-0.6223144531,1.698974609
610,-2.618320611,0.9541984733,0.2442748092,-0.0634765625,-0.5358886719,-0.4497070313
611,6.045801527,-11.22137405,-9.175572519,-0.5830078125,-0.6081542969,0.09301757813
612,5.923664122,-4.038167939,-18.9389313,-1.994140625,-1.501464844,-0.8798828125
613,1.992366412,-3.72519084,-0.6717557252,-0.4033203125,-0.5505371094,0.002685546875
614,-5.167938931,-1.816793893,-10.71755725,0.04516601563,1.173583984,0.2890625
615,-7.541984733,2.061068702,14.72519084,-0.5358886719,-0.4233398438,-0.5495605469
616,12.22900763,1.450381679,7.396946565,0.9172363281,-1.184326172,0.8642578125
617,1.770992366,-9.374045802,10.98473282,0.4150390625,-0.1982421875,0.71484375
618,-2.229007634,-5.717557252,10.88549618,0.06909179688,-0.1279296875,-0.05151367188
619,8.503816794,-8.450381679,-7.198473282,0.0986328125,-0.4763183594,0.0380859375
620,10.29770992,12.96946565,6.603053435,-0.3508300781,-0.1394042969,-1.379882813
621,7.923664122,6.312977099,-27.50381679,-0.86328125,2,-1.229248047
622,26.94656489,5.511450382,5.694656489,-0.1977539063,-0.4436035156,-0.5883789063
623,14.5648855,-6.778625954,12.57251908,-0.4274902344,-0.5070800781,-0.2287597656
624,4.526717557,1,5.938931298,-0.2673339844,-0.2033691406,-0.09326171875
625,-0.4198473282,7,5.908396947,-1.315673828,-0.7905273438,-0.4504394531
626,-6.404580153,-18.14503817,-19.17557252,-0.1633300781,1.047607422,1.014892578
627,-36.05343511,17.03053435,-17.51145038,-1.196289063,-1.058349609,1.674560547
628,-18.92366412,-0.320610687,13.14503817,-0.3977050781,-1.633056641,1.543701172
629,-8.450381679,3.816793893,8.58778626,0.4040527344,-1.21484375,-0.5393066406
630,0.534351145,-3.877862595,-6.748091603,-1.019287109,2,1.324951172
631,-5.946564885,-1.473282443,4.893129771,-0.2795410156,-0.3532714844,1.336425781
632,27.78625954,4.259541985,-5.992366412,-1.017822266,2,-1.947753906
633,-16.35877863,-5.778625954,2.809160305,0.3012695313,-0.2280273438,0.5180664063
634,5.458015267,5.374045802,-4.580152672,-0.8093261719,-0.8286132813,-0.07177734375
635,-11.04580153,3.572519084,1.664122137,-0.263671875,-1.163330078,0.7272949219
636,11.18320611,-5.145038168,-5.480916031,-0.3193359375,-0.9763183594,-0.8247070313
637,-20.86259542,10.93129771,11.1221374,-0.4685058594,2,0.1015625
638,-10.32824427,0.9007633588,7.671755725,-0.4191894531,-0.8649902344,0.4409179688
639,-8.381679389,2.557251908,0.8396946565,-0.1940917969,-1.446777344,0.3344726563
640,6.847328244,5.992366412,7.618320611,0.2209472656,-0.2163085938,0.1005859375
641,0.5648854962,-1.984732824,0.7328244275,-0.015625,-0.7019042969,-0.09204101563
642,3.832061069,-5.648854962,-4.435114504,-0.177734375,-0.7954101563,-0.796875
643,7.160305344,-2.664122137,4.259541985,-1.991455078,-0.525390625,-0.1359863281
644,10.60305344,22.2519084,-5.244274809,-0.9580078125,-0.8420410156,0.09912109375
645,1.595419847,-18.83969466,2.885496183,-0.8405761719,0.9592285156,0.259765625
646,4.122137405,-8.183206107,9.114503817,0.7258300781,-0.798828125,0.3513183594
647,2.099236641,-1.328244275,-0.1984732824,-0.5122070313,-1.1015625,0.4013671875
648,1.58778626,0.2366412214,-21.70992366,-0.2902832031,-0.7670898438,0.677734375
649,-7.580152672,0.8702290076,7.450381679,0.2258300781,-0.2260742188,0.3979492188
650,-0.4045801527,-1.045801527,-0.6946564885,-0.0634765625,-1.274414063,0.236328125
651,5.030534351,2.290076336,5.267175573,-0.25,-1.1953125,0.2607421875
652,-0.1297709924,14.4351145,12.32824427,-0.5251464844,-0.4448242188,1.999938965
653,4.122137405,4.778625954,0.5954198473,-0.3181152344,-0.8376464844,-0.6342773438
654,10.61068702,-6.549618321,-2.740458015,0.1494140625,0.04638671875,-0.4462890625
655,-9.396946565,14.75572519,-6.320610687,-1.124267578,2,0.0419921875
656,-1.259541985,9.465648855,-3.221374046,0.0234375,-1.482910156,-0.0458984375
657,8.885496183,10.51908397,-14.87022901,-0.8254394531,2,0.513671875
658,21.44274809,11.49618321,2.839694656,0.7687988281,2,0.2143554688
659,-5.564885496,1.381679389,4.786259542,-0.05932617188,-0.94921875,-0.7277832031
660,8.633587786,-12.86259542,4.473282443,-0.7175292969,-0.1870117188,-0.004638671875
661,-5.916030534,-7.694656489,0.1984732824,-0.3251953125,-0.5913085938,-0.2458496094
662,-0.5954198473,-3.709923664,0.2213740458,0.2263183594,-0.9875488281,-0.06787109375
663,7.152671756,4.328244275,0.8549618321,-0.009765625,-0.9616699219,0.2111816406
664,-2.534351145,1.053435115,0.1832061069,-1.997314453,-0.5893554688,0.7075195313
665,6.969465649,3.854961832,2.687022901,-0.02270507813,-0.9580078125,-0.06005859375
666,-11.96946565,-0.5114503817,23.25954198,0.09887695313,-0.4475097656,-1.399658203
667,-10.53435115,11.03053435,3.503816794,0.2080078125,-0.9191894531,0.1247558594
668,8.79389313,5.167938931,-3.20610687,-0.4362792969,-1.028076172,0.2685546875
669,-8.312977099,0.7938931298,-4.580152672,0.5234375,-0.5026855469,-0.3828125
670,3.717557252,-9.297709924,-44.69465649,0.3049316406,-1.024902344,1.947021484
671,-12.67938931,2.717557252,-5.061068702,0.2265625,-1.096191406,-0.6118164063
672,-2.854961832,-6.93129771,10.32061069,-0.2326660156,-0.8598632813,0.5319824219
673,2.335877863,1.755725191,1.93129771,-0.3874511719,-0.9992675781,0.9243164063
674,6.847328244,1.351145038,-1.534351145,-0.0439453125,-1.317871094,0.5534667969
675,-1.519083969,-0.4045801527,-1.625954198,0.0546875,-0.2919921875,0.6203613281
676,-9.41221374,-7.190839695,14.08396947,0.0556640625,-1.417480469,1.338623047
677,1.183206107,-15.83969466,9.679389313,0.3505859375,-0.4663085938,-0.3063964844
678,3.946564885,-15.3740458,11.03053435,-0.1657714844,-0.9377441406,-1.061035156
679,-4.954198473,-11.29770992,-1.236641221,0.2426757813,0.1533203125,-0.1328125
680,2.534351145,8.358778626,-1.954198473,-0.6333007813,-1.225097656,-0.140625
681,-3.106870229,-6.832061069,7.183206107,-1.031982422,-1.247802734,0.03466796875
682,10.48091603,-2.633587786,-7.20610687,-0.5712890625,-0.4174804688,0.7844238281
683,-35.90839695,15.53435115,1.236641221,-0.07446289063,-1.854736328,1.088134766
684,-7.175572519,6.93129771,4.557251908,0.04907226563,2,1.453125
685,-2.20610687,-16.79389313,3.129770992,-0.07763671875,-0.5849609375,1.145263672
686,1.427480916,-6.221374046,2.244274809,-0.1838378906,-0.3291015625,0.3840332031
687,-7.167938931,6.175572519,2.145038168,0.2958984375,-0.9716796875,0.17578125
688,2.839694656,-19.82442748,-3.954198473,0.2795410156,0.01489257813,0.1115722656
689,2.816793893,2.916030534,6.389312977,-0.7065429688,-0.02661132813,-0.2573242188
690,-2.664122137,0.1221374046,-14.19847328,-0.4694824219,-0.9067382813,-1.053955078
691,-10.70992366,4.183206107,-6.824427481,-0.4150390625,-0.2661132813,0.2666015625
692,5.335877863,6.374045802,-3.366412214,-0.7331542969,-0.5471191406,-0.06201171875
693,0.2824427481,2.282442748,-5.213740458,-0.4350585938,-0.7707519531,0.0556640625
694,-6.717557252,2.251908397,-5.519083969,-0.8120117188,2,0.09497070313
695,-5.870229008,1.114503817,-1.778625954,-0.0146484375,-0.884765625,-0.4624023438
696,-20.38931298,15.41221374,-1.687022901,-1.342529297,2,0.9165039063
697,7.72519084,-5.045801527,9.687022901,0.1313476563,-0.5385742188,0.1374511719
698,-0.9770992366,-2.175572519,3.34351145,0.1037597656,-0.8979492188,0.2624511719
699,2.312977099,-3.824427481,-2.297709924,-0.1320800781,-0.716796875,0.349609375
700,-43.60305344,16.84732824,24.77862595,-0.5895996094,-0.1457519531,1.410644531
701,8.984732824,9.625954198,-15.21374046,-0.1096191406,-0.3776855469,-0.2749023438
702,-60.67175573,9.86259542,8.374045802,-0.2985839844,-0.9672851563,1.999938965
703,-4.435114504,-7.404580153,-14.65648855,-0.5437011719,-1.123046875,0.4770507813
704,1.870229008,0.1603053435,-0.7709923664,-0.5651855469,-0.5871582031,-0.06518554688
705,-9.366412214,0.3435114504,-2.541984733,-1.484130859,2,0.1965332031
706,-11.3129771,-23.29770992,-9.816793893,-1.395507813,-0.3889160156,0.5334472656
707,3.458015267,0.8778625954,1.282442748,-0.2761230469,-0.5649414063,0.1857910156
708,26.29007634,-22.18320611,13.32824427,0.4221191406,-0.4438476563,0.8361816406
709,28.02290076,15.3129771,8.297709924,-0.5642089844,-1.257080078,0.05517578125
710,-1.007633588,-2.419847328,0.8854961832,-0.05786132813,-1.180175781,0.4877929688
711,-12.90076336,3.541984733,-17.35877863,-0.5986328125,-1.991210938,0.931640625
712,5.526717557,-6.297709924,-16,-1.454345703,-0.3935546875,0.07763671875
713,-26.13740458,-17.03053435,12.70229008,-0.1147460938,-0.8627929688,-0.9633789063
714,-7.557251908,12.02290076,-6.290076336,-0.6918945313,-1.425048828,1.062438965
715,-16.90076336,-0.06870229008,13.94656489,-0.4528808594,-0.3845214844,0.6027832031
716,10.79389313,5.923664122,-21.33587786,-0.6572265625,-0.69921875,0.05981445313
717,3.122137405,-1.229007634,3.290076336,0.06372070313,-1.264404297,-0.1196289063
718,12.69465649,-19.80152672,-11.0610687,-0.6762695313,-0.1809082031,1.710449219
719,12.90839695,-9.641221374,-2.702290076,-0.6384277344,0.16015625,0.1267089844
720,-3.732824427,-2.076335878,-24.48854962,1.235351563,2,-0.7565917969
721,1.244274809,-3.854961832,1.099236641,0.1069335938,-0.4289550781,0.7214355469
722,9.519083969,-6.816793893,4.114503817,-0.08764648438,-0.3129882813,-0.1958007813
723,-3.038167939,-10.52671756,-4.969465649,0.1760253906,-0.689453125,-1.014892578
724,-5.389312977,0.2519083969,-7.358778626,-0.3874511719,2,0.5983886719
725,-6.86259542,-18.47328244,-7.580152672,0.3881835938,0.05346679688,0.3688964844
726,4.488549618,-10.84732824,-2.824427481,0.11328125,-0.9619140625,-0.18359375
727,9.664122137,16.91603053,-29.40458015,-1.178710938,-0.8034667969,-0.5187988281
728,0.9312977099,5.251908397,-0.358778626,-0.4216308594,-1.525634766,-0.2712402344
729,7.763358779,-1.816793893,5.519083969,0.5993652344,-1.671875,0.9377441406
730,3.213740458,-0.8549618321,5.641221374,0.4365234375,-0.6486816406,0.5185546875
731,-17.19083969,6.282442748,-4.076335878,0.7126464844,-1.96875,1.994628906
732,2.267175573,-0.7557251908,14.41984733,0.3249511719,-0.2946777344,-0.07446289063
733,-1.79389313,-6.709923664,11.39694656,-0.1098632813,-1.025634766,0.5795898438
734,-1.916030534,-6.839694656,-6.900763359,-0.2145996094,-0.6794433594,0.01171875
735,-8.763358779,6.755725191,27.46564885,-0.4326171875,0.05346679688,-0.7504882813
736,-8.465648855,-0.786259542,2.366412214,0.1528320313,-0.4252929688,-0.06640625
737,-12.80152672,-17.13740458,6.679389313,-0.08081054688,-0.4990234375,-0.2084960938
738,-10.32061069,1.244274809,-5.679389313,-0.3395996094,-0.8342285156,0.1369628906
739,5.076335878,7.282442748,-11.6259542,-1.997070313,-0.7824707031,-0.33984375
740,-9.465648855,-1.152671756,-6.679389313,0.06689453125,-0.1225585938,-0.3737792969
741,1.755725191,-3.366412214,-29.45038168,-0.3957519531,2,0.1220703125
742,1.27480916,-3.687022901,14.29770992,-0.8479003906,-0.3107910156,0.002197265625
743,13.48091603,-5.702290076,-28.80152672,-0.703125,-0.9995117188,0.8593139648
744,14.66412214,2.305343511,10.38167939,-0.1142578125,-0.4250488281,-0.003173828125
745,-0.1374045802,-4.320610687,1.427480916,-0.041015625,-0.7121582031,0.3498535156
746,1.816793893,-4.396946565,-3.106870229,0.6440429688,-1.083984375,0.1584472656
747,-0.03053435115,-0.1221374046,7.167938931,0.7197265625,0.4108886719,0.8913574219
748,10.60305344,-6.801526718,-15.45801527,-0.3215332031,0.2319335938,-0.1186523438
749,-34.76335878,9.503816794,-8.229007634,-0.8056640625,2,1.997070313
750,-1.580152672,9.923664122,10.16793893,-0.607421875,-0.4006347656,-0.1516113281
751,-2.732824427,10.39694656,2.801526718,0.51171875,-0.2114257813,-0.845703125
752,6.229007634,1.076335878,13.32061069,-0.8464355469,0.150390625,-0.3146972656
753,-8.419847328,-5.458015267,13.22137405,0.740234375,0.1508789063,-0.240234375
754,19.40458015,-8.244274809,-0.2442748092,-0.1677246094,-0.8044433594,0.8525390625
755,-12.09160305,-3.778625954,-1.396946565,-1.254394531,-1.132080078,0.6955566406
756,3.717557252,-4.083969466,4.633587786,0.1799316406,-0.6286621094,0.1052246094
757,-5.351145038,-0.8167938931,6.633587786,0.1411132813,-0.1379394531,-0.1931152344
758,-11.05343511,9.984732824,5.030534351,-0.9841308594,-1.249755859,1.536621094
759,8.282442748,3.335877863,22.59541985,-0.2062988281,0.05908203125,-0.2651367188
760,-21.29770992,-5.900763359,4.328244275,-0.9838867188,-1.9921875,1.823242188
761,10.71755725,2.572519084,-9.679389313,-0.7829589844,-0.8041992188,0.00537109375
762,12.51145038,-8.183206107,-6.175572519,-0.6066894531,-0.2731933594,-0.006591796875
763,-8.396946565,5.06870229,3.687022901,-1.066894531,-1.113525391,-0.3693847656
764,9.038167939,-5.511450382,1.984732824,-0.7131347656,0.3303222656,0.15625
765,-9.763358779,-6.664122137,-3.129770992,0.7504882813,2,0.5341796875
766,3.839694656,-10.57251908,-3.664122137,-0.107421875,-1.202148438,0.05004882813
767,-5.320610687,4.740458015,3.801526718,0.0234375,-1.249267578,0.5314941406
768,6.465648855,11.90839695,8.190839695,0.04321289063,-0.6550292969,-0.5397949219
769,-1.832061069,-14.48091603,-17.93129771,-0.5263671875,-1.891357422,1.131103516
770,10.09923664,-5.511450382,-25.83969466,-0.65625,-1.050048828,-0.5234375
771,-3.122137405,6.557251908,-7.664122137,-1.075439453,2,-1.036865234
772,5.312977099,16.6870229,-10.94656489,-1.150878906,-0.9191894531,0.3571777344
773,-1.221374046,7.847328244,2.251908397,-0.3874511719,-1.184570313,-0.4611816406
774,-5.847328244,-2.053435115,0.9770992366,-0.8122558594,-1.661376953,1.958984375
775,-4.702290076,-1.580152672,11.7480916,-0.5495605469,0.6596679688,0.6796875
776,2.770992366,7.748091603,-11.30534351,0.5703125,2,0.6845703125
777,-2.717557252,-13.92366412,16.0610687,-0.3259277344,-0.6796875,1.963623047
778,-5.221374046,3.916030534,0.1374045802,-0.201171875,-1.222412109,0.75390625
779,0.8549618321,0.02290076336,8.549618321,-0.1877441406,0.140625,-0.4406738281
780,-19.34351145,0.8320610687,0.7404580153,-0.5266113281,2,1.418457031
781,-6.946564885,-4.038167939,-18.02290076,-1.020019531,-0.8862304688,-0.4653320313
782,2.854961832,8,-27.32824427,-0.5222167969,-0.4602050781,0.1501464844
783,-17.3129771,-0.8625954198,-0.427480916,-1.417480469,2,1.500732422
784,2.847328244,13.61832061,-0.3511450382,-1.047119141,-0.6591796875,-0.1655273438
785,-13.33587786,4.038167939,-1.86259542,-1.271484375,-1.240234375,0.3540039063
786,-5.099236641,-1.938931298,8.847328244,-0.4548339844,-0.7668457031,-0.1296386719
787,4.175572519,-0.9007633588,10.65648855,-1.499511719,-0.9516601563,-0.6364746094
788,13.1221374,-9.984732824,6.06870229,0.3381347656,-1.466064453,-0.1174316406
789,4.732824427,1.404580153,-4.534351145,0.2346191406,-0.3864746094,-0.00146484375
790,2.038167939,-2.603053435,1.648854962,0.1254882813,-1.105224609,0.3107910156
791,7.007633588,3.076335878,23.84732824,-0.005126953125,-1.253662109,-0.7199707031
792,9.694656489,-12.54198473,-13.83206107,0.1179199219,-0.1730957031,-0.0224609375
793,8.732824427,-0.6030534351,-26.34351145,-0.1354980469,-0.6318359375,-0.0859375
794,6.213740458,-8.20610687,-1.870229008,-0.6352539063,-0.7377929688,-0.1594238281
795,17.73282443,17.76335878,-33.45038168,-0.8850097656,-0.9697265625,0.05395507813
796,0.02290076336,-20.0610687,-6.832061069,-0.5063476563,0.2475585938,0.06591796875
797,-3.809160305,-4.79389313,-2.160305344,-1.366455078,0.2380371094,0.7858886719
798,-0.9389312977,3.328244275,-2.618320611,2,0.0087890625,1.989013672
799,-8.167938931,-0.03816793893,-0.465648855,-0.03369140625,-0.1162109375,0.5915527344
800,8.076335878,-1.610687023,9.282442748,0.1069335938,-0.5703125,1.999938965
801,-2.030534351,-2.923664122,-0.04580152672,-0.2001953125,-1.393310547,0.3022460938
802,4.442748092,1.114503817,-15.17557252,-0.5825195313,-1.994384766,1.322509766
803,5.549618321,-8.007633588,0.1297709924,-1.029052734,-1.361816406,-0.6477050781
804,2.251908397,-13.6259542,-2.045801527,-0.3723144531,-0.6557617188,0.4731445313
805,-11.79389313,5.72519084,-5.007633588,-0.7397460938,2,1.990722656
806,6.847328244,5.381679389,-13.69465649,-0.6320800781,-0.9377441406,-0.05493164063
807,-20.19847328,4.183206107,12.67175573,-0.7260742188,-0.2895507813,0.6528320313
808,-39.09160305,-8.541984733,-16.64122137,-0.9716796875,0.4936523438,-1.043701172
809,6.809160305,6.290076336,-1.366412214,-0.3266601563,-1.921875,1.821533203
810,12.40458015,-20.54961832,11.65648855,-0.51953125,0.02124023438,0.970703125
811,3.664122137,4.358778626,3.374045802,-0.06982421875,-0.4545898438,0.6325683594
812,2.20610687,-3.885496183,1.404580153,0.1577148438,-1.031738281,0.1447753906
813,-9.778625954,0.2824427481,-12.44274809,-0.6811523438,2,0.5798339844
814,-7.015267176,-1.473282443,-3.526717557,-1.501464844,2,0.6450195313
815,-4.717557252,-4.877862595,-8.236641221,-0.576171875,-0.8793945313,0.1574707031
816,2.984732824,-6.045801527,7.007633588,-0.5456542969,-0.5581054688,0.4270019531
817,4.580152672,0.8396946565,-7.038167939,-1.290771484,-0.4929199219,-0.07885742188
818,0.6946564885,0.6259541985,-1.854961832,-1.049804688,-1.888671875,0.5798339844
819,-9.290076336,-2.099236641,-13.30534351,0.5952148438,-1.998046875,1.091064453
820,-16.35114504,-6.41221374,-6.129770992,-1.961425781,-0.6320800781,1.999938965
821,-17.87022901,6.893129771,14.46564885,0.1650390625,-0.03100585938,0.5795898438
822,1.320610687,5.519083969,9.427480916,-0.5212402344,-0.5793457031,0.8286132813
823,-0.6564885496,-1.541984733,3.129770992,0.1735839844,-0.9155273438,0.12109375
824,16.74045802,-5.13740458,-9.763358779,-0.05444335938,-1.36328125,-0.09521484375
825,12.24427481,-9.786259542,5.79389313,0.04956054688,-0.5932617188,0.3889160156
826,-16.09923664,-6.297709924,-2.061068702,-1.080322266,2,0.7954101563
827,-10.6870229,-7.938931298,4.694656489,-0.1440429688,-0.4284667969,0.0009765625
828,-16.33587786,-14.94656489,19.25954198,0.03564453125,0.0595703125,-0.1716308594
829,0.9007633588,-0.6488549618,2.366412214,-0.5119628906,-1.053222656,0.3776855469
830,-6.694656489,2.13740458,1.801526718,1.077148438,-1.987304688,-0.3784179688
831,-0.106870229,-7.534351145,-12.48091603,-0.8388671875,-1.000244141,1.370849609
832,0.7404580153,-5.671755725,3.526717557,-1.461669922,0.09252929688,0.546875
833,8.557251908,-4.244274809,-0.7480916031,0.05493164063,-0.07153320313,-0.8898925781
834,-3.038167939,1.992366412,4.969465649,0.0830078125,-0.7058105469,0.033203125
835,-7.503816794,-10.96946565,20.99236641,0.087890625,-0.0771484375,-0.25390625
836,-23.75572519,8.480916031,-1.763358779,-0.4794921875,2,0.3986816406
837,-19.0610687,11.76335878,-9.061068702,-1.008300781,2,1.169433594
838,1.671755725,9.694656489,-4.282442748,-0.705078125,-0.8852539063,0.3081054688
839,0.6488549618,-3.603053435,3.106870229,-0.1850585938,-0.7255859375,-0.8208007813
840,32.65648855,25.6870229,-51.92366412,-1.130126953,-0.4421386719,-0.04467773438
841,11.74045802,-0.7786259542,1.809160305,-0.2260742188,-0.1569824219,-0.3659667969
842,0.4732824427,-2.72519084,0.9160305344,0.9772949219,2,0.0810546875
843,13.35114504,3.702290076,-13.35114504,1.236328125,2,1.991943359
844,28.70992366,-18.65648855,9.86259542,-0.5380859375,-0.8461914063,-0.2514648438
845,6.13740458,5.061068702,-9.755725191,0.236328125,-1.871826172,0.5119628906
846,-5.526717557,-1.786259542,3.236641221,0.07592773438,-0.7622070313,0.1057128906
847,7.27480916,-1.045801527,4.358778626,-0.6628417969,-1.493652344,0.314453125
848,8.816793893,-0.4809160305,0.0534351145,-0.2036132813,-0.8041992188,-0.2954101563
849,-4.740458015,1.404580153,5.083969466,2,-1.1640625,1.999938965
850,-10.22137405,-3.183206107,-8.328244275,-0.5083007813,-0.8686523438,0.6101074219
851,19.78625954,-17.78625954,-20.11450382,-0.7548828125,-0.09155273438,-0.1447753906
852,-0.3511450382,-1.465648855,-4.106870229,-0.2641601563,2,0.5703125
853,2.358778626,-0.1679389313,2.923664122,0.1364746094,-1.284667969,-0.0029296875
854,-33.75572519,-0.6259541985,3.496183206,0.3012695313,-0.8447265625,0.1154785156
855,1.541984733,0.6030534351,4.488549618,0.1157226563,-0.03466796875,-0.2385253906
856,-7.763358779,-0.6183206107,-0.8702290076,-0.3564453125,0.01708984375,0.1650390625
857,2.267175573,-15.57251908,-3.732824427,-1.153564453,-0.9582519531,0.08544921875
858,14.5648855,-1.954198473,-4.900763359,-0.4653320313,-1.995117188,0.8015136719
859,-13.27480916,-0.6030534351,3.450381679,-0.322265625,-0.6098632813,-0.5891113281
860,-4.366412214,4.832061069,-1.557251908,-0.6516113281,-1.196533203,0.04614257813
861,20.24427481,0.1679389313,2.351145038,0.2062988281,-1.545898438,0.3181152344
862,10.55725191,-15.22900763,3.129770992,-0.4387207031,0.3725585938,0.3591308594
863,1.076335878,-3.755725191,-19.7480916,-0.4440917969,-1.268798828,-0.294921875
864,2.778625954,-4.786259542,-22.42748092,-0.05639648438,2,1.370849609
865,-34.67175573,12.72519084,-1.145038168,-0.1286621094,2,1.026367188
866,1.763358779,-2.595419847,-1.450381679,-0.1394042969,-1.001220703,0.02514648438
867,-3.41221374,-1.671755725,-11.76335878,-0.09033203125,2,-0.2709960938
868,15.35877863,8.038167939,17.01526718,-0.0712890625,0.008056640625,-0.4660644531
869,-17.2519084,5.053435115,1.702290076,-0.3515625,2,0.9440917969
870,-22.02290076,-3.496183206,45,0.5671386719,0.1098632813,0.0205078125
871,9.984732824,18.6259542,-17.1221374,-1.98828125,-1.400634766,0.07055664063
872,0.2290076336,0.3358778626,1.893129771,-0.6379394531,-0.7961425781,-0.185546875
873,9.954198473,-0.3740458015,-24.79389313,-0.2990722656,-0.90625,-0.1647949219
874,0.09160305344,1.610687023,-6.427480916,-0.9897460938,-1.086914063,1.129150391
875,-12.19847328,-1.648854962,-10.86259542,-0.3679199219,0.7504882813,1.434326172
876,13.79389313,6.236641221,17.21374046,-0.3334960938,-0.8090820313,0.6572265625
877,4.549618321,-1.145038168,10.3129771,0.05200195313,0.00048828125,0.1276855469
878,5.984732824,-5.717557252,1.465648855,0.02099609375,-0.2431640625,-0.06420898438
879,12.46564885,-0.893129771,-0.786259542,-0.3291015625,-0.2595214844,-0.4541015625
880,-22.64885496,-2.519083969,7.06870229,-0.1379394531,-0.5490722656,0.1169433594
881,-0.4045801527,-10.42748092,9.229007634,-0.482421875,0.1174316406,1.096679688
882,7.297709924,-12.77099237,2.961832061,-0.5263671875,-0.6958007813,-0.02026367188
883,-2.129770992,0.9541984733,-1.877862595,-0.6335449219,-0.7053222656,0.03271484375
884,-0.1603053435,-18.17557252,-3.809160305,-0.6618652344,0.5600585938,0.8383789063
885,3.992366412,-2.664122137,14.82442748,-0.9399414063,-0.1672363281,0.1860351563
886,-13.03053435,-17.08396947,-10.00763359,-1.721679688,-0.1872558594,-0.4169921875
887,15.6870229,11.57251908,12.16030534,0.3823242188,-0.9953613281,0.9406738281
888,-6.809160305,-7.351145038,17.17557252,0.2497558594,-0.1687011719,0.1130371094
889,0.4809160305,1.022900763,-1.320610687,0.0517578125,-0.7360839844,0.3154296875
890,5.679389313,2.450381679,5.06870229,-0.1213378906,-0.1274414063,-0.6232910156
891,7.41221374,4.267175573,-4.72519084,-0.4289550781,-0.4838867188,0.1640625
892,-10.44274809,-4.061068702,6.122137405,-0.154296875,-0.8029785156,0.3845214844
893,-30.76335878,-17.22900763,14.92366412,-0.5600585938,-0.5161132813,0.4782714844
894,7.79389313,11.85496183,-12.22900763,-0.09765625,-0.45703125,-0.3181152344
895,-11.57251908,-6.038167939,3.923664122,0.02124023438,-1.951660156,0.1936035156
896,22.80916031,-3.427480916,-22.52671756,-0.1115722656,-1.984375,-0.05590820313
897,11.59541985,-1,-10.80152672,0.4177246094,-1.376953125,-0.1872558594
898,-9.732824427,-5.381679389,-2.503816794,-1.0234375,-1.986572266,0.4389648438
899,7.458015267,-13.60305344,-11.03053435,-0.1735839844,-0.4643554688,1.193359375
900,4.763358779,0.2977099237,5.72519084,-0.1359863281,-0.6110839844,0.6555175781
901,-7.534351145,5.335877863,7.351145038,0.01245117188,-0.6081542969,0.5161132813
902,-17.77862595,4.076335878,10.12977099,-0.6845703125,-0.7824707031,1.749267578
903,-6.816793893,8.992366412,6.167938931,-0.01684570313,0.003173828125,-0.5629882813
904,-13.3740458,-12.7480916,-3.72519084,-0.3203125,-0.3845214844,0.3061523438
905,9.381679389,9.954198473,-22.88549618,-1.953125,2,-0.2487792969
906,-0.4045801527,-7.381679389,-1.580152672,-0.02807617188,-0.3774414063,0.1328125
907,-4.305343511,11.32061069,-10.8778626,-0.7587890625,0.4301757813,-0.1420898438
908,9.786259542,1.190839695,10.70229008,-0.5727539063,2,0.3823242188
909,9.648854962,-10.96946565,15.09923664,0.3122558594,-1.884277344,0.7084960938
910,2.961832061,4.633587786,-14.6870229,0.1938476563,2,0.583984375
911,-1.27480916,5.473282443,-0.213740458,-0.12890625,-0.9943847656,0.09228515625
912,0.572519084,-1.916030534,7.030534351,-0.008544921875,-0.7373046875,0.458984375
913,-14.29770992,1.93129771,40.64885496,-0.2976074219,0.689453125,-0.3833007813
914,-12.09160305,7.610687023,-5.442748092,0.0400390625,-1.373535156,1.462890625
915,25.86259542,-1.06870229,-4.20610687,0.9484863281,2,0.1184082031
916,-9.045801527,-8.984732824,21.09923664,-1.97265625,-0.6494140625,0.006103515625
917,0.3511450382,0.3969465649,0.3435114504,-0.2687988281,-0.8798828125,-0.04223632813
918,-0.8625954198,1.251908397,-1.152671756,-0.1833496094,-0.2236328125,-0.3474121094
919,7.847328244,-2.648854962,8.519083969,0.2687988281,0.1333007813,-0.1401367188
920,7.442748092,-1.541984733,-10.80152672,-0.7758789063,-0.3864746094,0.876953125
921,11.5648855,-8.152671756,8.183206107,0.4050292969,-0.8779296875,0.4604492188
922,13.3129771,-4.145038168,0.465648855,0.7641601563,2,1.017578125
923,3.770992366,-9.152671756,0.01526717557,-0.4873046875,-1.580810547,0.8266601563
924,-3.603053435,-3.992366412,5.13740458,-0.07543945313,-0.8041992188,-0.05737304688
925,-9.122137405,1.183206107,-2.076335878,-1.069580078,2,0.5732421875
926,18.38931298,-10.80152672,-23.46564885,0.00439453125,-1.417236328,0.58203125
927,-9.496183206,12.54198473,-9.061068702,0.07446289063,-1.557861328,-0.5864257813
928,-9.847328244,-4.404580153,1.259541985,-0.1928710938,-0.5129394531,0.1276855469
929,0.9160305344,-0.06106870229,1.717557252,-0.9311523438,-1.696777344,0.1594238281
930,-7.694656489,-4.229007634,2.534351145,-0.9284667969,-1.728027344,0.7307128906
931,4.488549618,1.641221374,13.53435115,-0.41796875,-1.381347656,0.05053710938
932,13.5648855,6.564885496,-6.480916031,1.967773438,0.603515625,-0.9724121094
933,-13.99236641,9.954198473,-13.8778626,-0.5981445313,-0.8864746094,0.8037109375
934,-6.091603053,10.81679389,12,-0.4873046875,-1.394775391,-0.4445800781
935,10.71755725,-0.07633587786,-6.267175573,-0.04931640625,-0.5551757813,-0.2900390625
936,-3.389312977,-0.2061068702,0.2824427481,-0.00927734375,-1.145751953,0.2788085938
937,5,7.358778626,7.427480916,-0.06469726563,-1.066894531,-0.0361328125
938,3.671755725,6.984732824,13.4351145,-0.07934570313,-0.02807617188,-0.9719238281
939,-11.05343511,-13.58015267,5.832061069,-0.3293457031,-0.9228515625,-0.4479980469
940,9.93129771,-13.96183206,-12.38167939,-0.5334472656,-1.25,-1.117919922
941,10.69465649,-0.9236641221,-6.908396947,-0.6420898438,-1.989990234,-0.03515625
942,5.809160305,2.022900763,-3.954198473,-0.2185058594,-0.7565917969,-0.6525878906
943,0.7404580153,-8.496183206,1.114503817,-0.1579589844,-0.9494628906,0.007080078125
944,7.267175573,-3.954198473,9.099236641,-0.5793457031,-0.3303222656,0.1015625
945,17.64885496,-10.54198473,-16.84732824,0.05712890625,-0.345703125,0.091796875
946,4.267175573,10.67175573,11.79389313,1.384277344,2,-0.00146484375
947,-5.580152672,-25.19847328,-12.77862595,-0.009521484375,0.2595214844,-0.4621582031
948,6.900763359,9.503816794,7.816793893,0.07836914063,-0.263671875,-0.1540527344
949,0.786259542,0.5801526718,13.95419847,-0.2890625,-1.405029297,1.533203125
950,5.938931298,-8.946564885,8.229007634,0.0361328125,-0.1379394531,-0.72265625
951,-13.16030534,-11.67938931,16.48854962,0.2424316406,0.2661132813,-0.4921875
952,10.38167939,2.717557252,10.36641221,-0.1799316406,-0.9328613281,-0.1750488281
953,6.190839695,4.801526718,15.48091603,-0.5151367188,-0.1743164063,-0.2160644531
954,6.183206107,6.282442748,-12.51145038,-0.8916015625,-1.203369141,0.1257324219
955,-4.58778626,-4.786259542,6.992366412,-0.173828125,-1.374023438,0.08227539063
956,27.21374046,-15.97709924,12.79389313,-0.2250976563,0.4230957031,0.4572753906
957,-20.42748092,12.25954198,14.03053435,1.803222656,-1.1875,1.315185547
958,-16.97709924,4.27480916,14.97709924,-0.4194335938,-1.940185547,-0.1381835938
959,-15.96946565,-11.21374046,-1.34351145,0.421875,-0.263671875,0.6010742188
960,-2.938931298,0.1679389313,3.755725191,-0.1811523438,-0.953125,0.2763671875
961,-4.595419847,0.6717557252,3.13740458,-0.3500976563,-0.4665527344,0.4416503906
962,4.091603053,15.8778626,20.73282443,0.0849609375,-0.20703125,-0.06909179688
963,-14.24427481,16.51908397,13.23664122,-0.9213867188,2,1.036865234
964,12.59541985,12.22900763,1.992366412,-0.7658691406,0.02905273438,-1.224609375
965,-16.82442748,-18.47328244,9.763358779,-1.157958984,-0.2485351563,0.7570800781
966,1.633587786,0.08396946565,-2.671755725,-0.3203125,-1.173095703,-0.16015625
967,-3.06870229,-4.839694656,-2.099236641,-0.5053710938,0.1357421875,0.05688476563
968,-10.74045802,-2.702290076,-6.969465649,-0.7670898438,-0.1071777344,1.164306641
969,7.580152672,-4.190839695,13.07633588,0.2082519531,-0.5048828125,0.2150878906
970,6.435114504,-5.58778626,1.694656489,2,-0.3081054688,1.838378906
971,-2.908396947,-2.465648855,0.8320610687,-0.4970703125,-1.318603516,0.9467773438
972,-12.95419847,0.03816793893,13.04580153,0.06762695313,-0.2514648438,0.6965332031
973,-0.2290076336,-9.679389313,2.938931298,-0.01293945313,-0.6887207031,-0.1853027344
974,10.9389313,1.076335878,-2.595419847,-0.2990722656,0.02563476563,-0.078125
975,-10.19847328,-17.58778626,-4.366412214,-0.826171875,-1.457275391,0.1455078125
976,8.007633588,11.6870229,-4.946564885,-0.34765625,-0.4311523438,-0.2807617188
977,-4.641221374,1.083969466,1.572519084,-0.6447753906,-1.787109375,0.453125
978,2.20610687,5.977099237,-1.969465649,-0.6708984375,2,0.06176757813
979,3.511450382,-11.9389313,2.79389313,-0.4797363281,-0.138671875,0.826171875
980,-2.022900763,-0.6488549618,6.404580153,0.8693847656,0.6669921875,0.2160644531
981,7.511450382,-5.480916031,15.67938931,0.0234375,0.3078613281,0.2746582031
982,-7.641221374,-9.938931298,1.641221374,-0.2919921875,-0.5417480469,0.2758789063
983,0.213740458,-0.6870229008,-0.5648854962,-0.1335449219,-0.9699707031,0.2045898438
984,20.17557252,-6.786259542,-2.190839695,0.3295898438,-1.62890625,-0.4440917969
985,4.908396947,0.2900763359,-2.618320611,-0.3911132813,-1.999023438,0.4025878906
986,-2.381679389,6.366412214,-10.05343511,2,2,0.2583007813
987,12.94656489,1.404580153,6.053435115,-0.01977539063,-0.4797363281,0.6696777344
988,18.27480916,13.11450382,-14.72519084,-1.122070313,-0.5148925781,-0.2683105469
989,-0.07633587786,-0.8778625954,5.198473282,-0.5405273438,-1.994873047,0.7077636719
990,23.39694656,-10.83206107,-15.22900763,-0.23046875,-1.675292969,0.4675292969
991,-9.374045802,-0.9770992366,-4.34351145,0.751953125,-0.9812011719,0.6796875
992,15.09923664,-3.381679389,-15.48091603,1.076171875,0.1059570313,-0.2404785156
993,-5.72519084,-12.04580153,1.129770992,0.4711914063,-1.414306641,0.509765625
994,13.61068702,11.13740458,13.61068702,0.8308105469,-0.2875976563,-0.1440429688
995,-1.480916031,-7.351145038,-4.229007634,-0.1608886719,-0.6647949219,0.3774414063
996,11.18320611,-15.64885496,-28.57251908,0.2609863281,-0.3107910156,-0.08520507813
997,18.28244275,-8.251908397,6.526717557,-0.3256835938,0.1767578125,-0.4482421875
998,4.06870229,-1.702290076,-10.02290076,-0.5056152344,2,0.5769042969
999,-23.32061069,-36.36641221,-1.480916031,-0.3864746094,-0.3979492188,0.1120605469
1000,-0.2824427481,0.1221374046,-1.519083969,-0.4079589844,-0.7058105469,-0.04345703125
1001,-0.8320610687,-5.267175573,0.8854961832,-0.21484375,2,0.2426757813
1002,-21.80916031,18.45038168,17.77099237,-0.9760742188,0.5493164063,0.5910644531
1003,2.374045802,3.93129771,12.33587786,-0.3771972656,-1.530761719,0.5009765625
1004,-2.13740458,3.694656489,17.09160305,0.1801757813,0.06420898438,0.7751464844
1005,-5.687022901,0.8625954198,-2.511450382,-1.069091797,-0.2646484375,0.6708984375
1006,-1.190839695,1.198473282,0.1603053435,0.02880859375,-1.219238281,0.384765625
1007,-10.3740458,1.786259542,12.16793893,-0.1823730469,0.1770019531,-0.5705566406
1008,1.236641221,9.748091603,0.4503816794,0.03784179688,-0.4873046875,-0.4284667969
1009,-11.96946565,3.702290076,2.27480916,-0.5148925781,-1.018310547,1.234313965
1010,-8.366412214,-4.06870229,1.969465649,-0.1027832031,-0.2536621094,-0.08740234375
1011,1.351145038,-2.679389313,-3.534351145,-0.3129882813,-0.7761230469,-0.07397460938
1012,2.641221374,4.335877863,-8.93129771,-0.5148925781,-0.6994628906,-0.02416992188
1013,0.9923664122,-0.7709923664,7.633587786,-0.3923339844,-1.170898438,0.1604003906
1014,-4.175572519,1.190839695,18.11450382,-0.4187011719,0.2922363281,0.7568359375
1015,4.213740458,-8.946564885,-16.8778626,1.903808594,0.7783203125,0.2287597656
1016,-18.77099237,-2.870229008,3.809160305,0.1787109375,-1.567871094,-0.1708984375
1017,4.541984733,-2.671755725,3.427480916,0.05493164063,-0.4240722656,-0.01391601563
1018,-1.954198473,1.610687023,7.442748092,0.0615234375,-0.7448730469,0.1069335938
1019,4,-8.297709924,-1.908396947,-0.09594726563,-0.3229980469,-0.1647949219
1020,0.893129771,-5.038167939,4.809160305,-0.8620605469,-1.546875,0.7875976563
1021,-22.82442748,-5.671755725,7.244274809,-0.017578125,0.2045898438,0.794921875
1022,-13.59541985,0.534351145,23.27480916,-0.1962890625,-0.06567382813,-0.7546386719
1023,63.70229008,10.55725191,-32.0610687,-0.2963867188,2,0.4790039063
1024,-28.46564885,2.389312977,11.54198473,0.2126464844,2,-0.1254882813
1025,2.679389313,-5.900763359,0.4351145038,-0.8325195313,-1.763183594,0.4094238281
1026,-7.893129771,-7.061068702,19.77099237,-0.3876953125,0.5744628906,0.28125
1027,-1.488549618,7.160305344,9.877862595,0.01245117188,-0.7785644531,0.4665527344
1028,0.6641221374,-10.71755725,-6.664122137,0.1623535156,-1.801269531,-1.004394531
1029,-0.3740458015,-2.473282443,0.213740458,0.1889648438,-0.9777832031,0.2565917969
1030,-6.893129771,3.450381679,24.28244275,-0.5808105469,0.00537109375,1.991943359
1031,-1.625954198,0.2977099237,-3.045801527,-0.5036621094,-1.802490234,0.07568359375
1032,-3.435114504,-6.534351145,12.7480916,-0.05688476563,-0.01318359375,-0.2280273438
1033,2.351145038,-3.41221374,3.534351145,-1.265380859,-1.397216797,0.1076660156
1034,9.732824427,10.60305344,-16.08396947,-1.9921875,-1.013671875,-0.1625976563
1035,-8.251908397,1.152671756,-6.160305344,-0.1418457031,2,0.7976074219
1036,2.022900763,1.755725191,-1.694656489,0.5021972656,-1.638427734,-0.2036132813
1037,-6.20610687,2.946564885,-3.022900763,-0.6433105469,-1.916015625,0.2355957031
1038,-1.877862595,-2.916030534,0.09923664122,-0.3884277344,-1.609130859,0.6027832031
1039,-1.832061069,-4.458015267,-2.847328244,-0.2341308594,-0.7199707031,0.07202148438
1040,1.038167939,0.3282442748,2.351145038,0.82421875,0.7211914063,-0.3410644531
1041,2.79389313,-7.152671756,9.358778626,0.1472167969,0.0029296875,0.1623535156
1042,2.374045802,2.129770992,1.969465649,-0.02416992188,-0.4047851563,0.1181640625
1043,-10.09923664,4.13740458,2.236641221,-0.2761230469,-1.999023438,-0.06225585938
1044,10.09160305,3.213740458,-1.908396947,-0.1176757813,-0.7001953125,-0.1066894531
1045,-27.78625954,-16.32824427,-8.763358779,-0.7885742188,2,0.6904296875